player_key,nfl_player_id,nfl_name,nfl_rookie_season,cfb_projected_ppr,avg_weekly_ppr,n_weeks
aaron jones,00-0033293,Aaron Jones,2017,5.4833070084743945,8.0,10
adrian killins jr,00-0036000,Adrian Killins Jr.,2020,2.444780220877536,0.0,1
aj dillon,00-0036265,AJ Dillon,2020,6.7203673470742284,4.27272727272727,11
akeem hunt,00-0031743,Akeem Hunt,2015,3.070597155301504,2.4375,8
alex collins,00-0032426,Alex Collins,2016,4.179163437312596,4.03636363636364,11
alex green,00-0028034,Alex Green,2011,3.293281084361491,1.35,2
alexander mattison,00-0034972,Alexander Mattison,2019,5.698799657120483,4.84666666666667,15
alfred blue,00-0031075,Alfred Blue,2014,5.576106970957108,6.44375,16
alfred morris,00-0029141,Alfred Morris,2012,6.932431717428013,15.2941176470588,17
alonzo harris,00-0031830,Alonzo Harris,2015,3.1808690853123416,0.633333333333333,3
alvin kamara,00-0033906,Alvin Kamara,2017,11.618137177614067,19.5111111111111,18
amar johnson,00-0040039,Amar Johnson,2025,2.1082722509712752,0.8,1
ameer abdullah,00-0032104,Ameer Abdullah,2015,9.625675120516071,7.3125,16
andre ellington,00-0030287,Andre Ellington,2013,6.904578957527475,11.02,15
andre williams,00-0031055,Andre Williams,2014,6.473038354646668,9.06875,16
anthony allen,00-0028163,Anthony Allen,2011,3.1962152112435773,0.8,1
anthony mcfarland,00-0036336,Anthony McFarland,2020,3.303766170802081,2.06363636363636,11
antonio andrews,00-0030789,Antonio Andrews,2014,3.81181236456798,1.03333333333333,3
antonio williams,00-0036188,Antonio Williams,2020,6.599496804473679,21.3,1
artavis pierce,00-0036208,Artavis Pierce,2020,2.2694249816428824,2.35,4
ashton jeanty,00-0040122,Ashton Jeanty,2025,14.127249126787591,14.4176470588235,17
austin walter,00-0035187,Austin Walter,2020,2.607933153062414,1.33333333333333,3
baron batch,00-0028170,Baron Batch,2012,2.574615272548514,2.0,9
benny cunningham,00-0029795,Benny Cunningham,2013,3.1651984641841784,3.14285714285714,14
bernard pierce,00-0029264,Bernard Pierce,2012,5.929580931352516,4.88947368421053,19
bhayshul tuten,00-0040719,Bhayshul Tuten,2025,5.769431654231254,5.85625,16
bijan robinson,00-0038542,Bijan Robinson,2023,15.176983162075913,14.4882352941176,17
bilal powell,00-0028064,Bilal Powell,2011,3.704366652821009,1.9,2
blake corum,00-0039738,Blake Corum,2024,5.444578918071922,2.23333333333333,15
blake watson,00-0039573,Blake Watson,2024,4.066793694921752,3.3,1
bo scarbrough,00-0034432,Bo Scarbrough,2019,4.687190763108027,7.2,6
boston scott,00-0034414,Boston Scott,2018,2.3983139609929807,0.0,3
braelon allen,00-0039794,Braelon Allen,2024,5.189940685960854,5.01176470588235,17
branden oliver,00-0031277,Branden Oliver,2014,5.868695688877653,10.3785714285714,14
brandon bolden,00-0029239,Brandon Bolden,2012,2.839841400033022,4.72222222222222,9
brandon burks,00-0032844,Brandon Burks,2016,2.7665659431581835,-0.4,1
brandon saine,00-0028602,Brandon Saine,2011,2.7065498816654108,2.48888888888889,9
brashard smith,00-0040078,Brashard Smith,2025,3.6130739535431613,3.72352941176471,17
breece hall,00-0038120,Breece Hall,2022,14.914500947942177,16.4428571428571,7
brian hill,00-0033567,Brian Hill,2017,4.1308199320598815,2.325,4
british brooks,00-0039603,British Brooks,2024,2.317513684325069,0.1,2
brittain brown,00-0037329,Brittain Brown,2022,2.437124519367674,0.0,1
bronson hill,00-0032298,Bronson Hill,2016,2.8808444524482675,1.1,1
bryce brown,00-0029429,Bryce Brown,2012,6.131618624891956,5.8125,16
c j prosise,00-0032393,C.J. Prosise,2016,7.458848506559872,10.1666666666667,6
caleb huntley,00-0036829,Caleb Huntley,2022,4.11931649871079,3.74166666666667,12
cam akers,00-0036414,Cam Akers,2020,9.162739399826593,11.2307692307692,13
cameron artis payne,00-0031599,Cameron Artis-Payne,2015,5.343676098510866,5.27142857142857,7
carlos hyde,00-0031045,Carlos Hyde,2014,11.064080332218868,5.29285714285714,14
carson steele,00-0039325,Carson Steele,2024,2.8758390596245063,1.83846153846154,13
charles sims,00-0031390,Charles Sims,2014,7.19091675424829,7.5625,8
chase brown,00-0038597,Chase Brown,2023,4.779581109422332,4.45833333333333,12
chase edmonds,00-0034681,Chase Edmonds,2018,4.452136346749364,3.94375,16
chris carson,00-0033594,Chris Carson,2017,5.856386660893656,9.925,4
chris collier,00-0039244,Chris Collier,2024,4.817365796577904,0.3,6
chris evans,00-0036857,Chris Evans,2021,5.564162868506594,4.03076923076923,13
chris johnson,00-0026164,Chris Johnson,2011,5.285869795262787,14.09375,16
chris rainey,00-0029140,Chris Rainey,2012,2.8226956818767905,2.5125,16
chris rodriguez jr,00-0038611,Chris Rodriguez Jr.,2023,4.715045970277997,4.21111111111111,9
chris thompson,00-0030404,Chris Thompson,2013,2.4091134498497486,0.0,4
christian mccaffrey,00-0033280,Christian McCaffrey,2017,14.720759495254484,14.8411764705882,17
christine michael,00-0030432,Christine Michael,2013,6.32402339777846,2.63333333333333,3
chuba hubbard,00-0036555,Chuba Hubbard,2021,4.950153237112176,8.6,16
cierre wood,00-0030248,Cierre Wood,2013,2.106513725333041,0.45,2
clyde edwards helaire,00-0036360,Clyde Edwards-Helaire,2020,12.968537289462247,12.96,15
cody schrader,00-0039703,Cody Schrader,2024,3.100600832154142,0.95,2
corey clement,00-0033725,Corey Clement,2017,5.606467330223649,6.97777777777778,18
corey grant,00-0031731,Corey Grant,2015,2.9046875917906494,0.3,5
corey kiner,00-0040556,Corey Kiner,2025,2.7439222511885393,2.325,4
cyrus gray,00-0029298,Cyrus Gray,2012,2.8806620860596457,1.64,5
d andre swift,00-0036275,D'Andre Swift,2020,13.742964316320464,14.6,13
d ernest johnson,00-0035628,D'Ernest Johnson,2019,2.787018880572212,1.52,10
d j williams,00-0039595,D.J. Williams,2024,3.2868293094356864,0.0,1
d onta foreman,00-0033925,D'Onta Foreman,2017,6.048669637757598,6.33333333333333,9
da rel scott,00-0028159,Da'Rel Scott,2011,2.084647408465406,0.414285714285714,7
dalvin cook,00-0033893,Dalvin Cook,2017,14.135463826111314,16.35,4
dalyn dawkins,00-0034654,Dalyn Dawkins,2019,2.4610643980205418,1.3,2
damarea crockett,00-0035448,Damarea Crockett,2021,3.041090023652737,0.7,1
dameon pierce,00-0037258,Dameon Pierce,2022,7.862743861420145,12.8,13
damien harris,00-0035657,Damien Harris,2019,3.7118849506658202,1.2,1
damien williams,00-0030874,Damien Williams,2014,3.446308549157092,3.86,15
daniel lasco,00-0032804,Daniel Lasco,2016,2.844751969596402,1.26,5
daniel thomas,00-0028000,Daniel Thomas,2011,7.401956085116939,6.25384615384615,13
dante miller,00-0039230,Dante Miller,2024,6.064300577409715,0.0,1
dare ogunbowale,00-0033854,Dare Ogunbowale,2018,2.025898382973104,0.0,1
darius bradwell,00-0035898,Darius Bradwell,2021,2.4555946959570645,0.0,1
darius jackson,00-0033049,Darius Jackson,2018,4.061816542581854,0.8,2
darrel williams,00-0034301,Darrel Williams,2018,3.5041968795903364,3.83333333333333,6
darrell henderson,00-0035664,Darrell Henderson,2019,5.085686187606751,2.48888888888889,9
darrin reaves,00-0031123,Darrin Reaves,2014,3.0857634163487497,3.18,5
darrynton evans,00-0036297,Darrynton Evans,2020,3.9344031898640885,2.7,6
darwin thompson,00-0035148,Darwin Thompson,2019,3.773201007195303,2.52307692307692,13
david cobb,00-0032133,David Cobb,2015,5.3174221474589976,3.05714285714286,7
david fluellen,00-0030711,David Fluellen,2017,3.0287982658953103,0.233333333333333,9
david johnson,00-0032187,David Johnson,2015,8.091152930498232,14.4111111111111,18
david montgomery,00-0035685,David Montgomery,2019,7.889100015412021,10.65,16
de lance turner,00-0034201,De'Lance Turner,2018,4.71579934181222,2.05,2
de veon smith,00-0033413,De'Veon Smith,2017,4.286245355223217,5.7,1
deandre washington,00-0032940,DeAndre Washington,2016,4.330076905190174,6.2,14
deejay dallas,00-0036425,DeeJay Dallas,2020,4.92091929967364,6.32222222222222,9
delone carter,00-0028057,Delone Carter,2011,3.8873169021127465,3.36666666666667,15
demarco murray,00-0028009,DeMarco Murray,2011,5.026261596047462,11.2307692307692,13
demetric felton,00-0036654,Demetric Felton,2021,4.216328299781486,3.36666666666667,15
dennis johnson,00-0030236,Dennis Johnson,2013,3.09754231437412,3.8625,8
deon jackson,00-0036493,Deon Jackson,2021,3.5698478508154605,3.03333333333333,3
derrick gore,00-0035715,Derrick Gore,2021,3.6656108203920774,6.26666666666667,9
derrick henry,00-0032764,Derrick Henry,2016,9.107848563959143,7.55,14
derrius guice,00-0034358,Derrius Guice,2019,10.893296509748547,11.48,5
detrez newsome,00-0034565,Detrez Newsome,2018,4.44863352034957,1.76,5
deuce vaughn,00-0038622,Deuce Vaughn,2023,3.6873990708992137,2.5,6
devante mays,00-0033304,Devante Mays,2017,2.849905846244587,0.55,2
devin neal,00-0040202,Devin Neal,2025,5.525485178495853,6.66666666666667,9
devin singletary,00-0035250,Devin Singletary,2019,6.684930937772573,12.8692307692308,13
devine ozigbo,00-0035184,Devine Ozigbo,2019,3.2198012901580144,2.66666666666667,3
devonta freeman,00-0031285,Devonta Freeman,2014,6.3504648490658875,5.45625,16
devontae booker,00-0032972,Devontae Booker,2016,7.573913838795879,8.91875,16
dexter williams,00-0034995,Dexter Williams,2019,3.1448260351997264,0.55,2
dion lewis,00-0028087,Dion Lewis,2011,3.2512667857091744,1.3,13
dj giddens,00-0040179,DJ Giddens,2025,3.3671167022035333,1.92,5
don jackson,00-0032636,Don Jackson,2016,3.06550967469574,1.06666666666667,3
dontrell hilliard,00-0034253,Dontrell Hilliard,2018,2.5321854037719222,1.75,10
doug martin,00-0029613,Doug Martin,2012,14.41586540480357,19.475,16
dri archer,00-0031392,Dri Archer,2014,3.6753296178896684,1.60909090909091,11
dujuan harris,00-0028409,DuJuan Harris,2011,2.0838284479755305,1.12,5
dylan laube,00-0039407,Dylan Laube,2024,3.0315177452346167,-0.333333333333333,6
dylan sampson,00-0040162,Dylan Sampson,2025,5.535857656713864,5.84,15
eddie lacy,00-0030485,Eddie Lacy,2013,12.969591598181704,15.83125,16
edwin baker,00-0029317,Edwin Baker,2013,5.668384902887166,14.2666666666667,3
elijah dotson,00-0038862,Elijah Dotson,2023,3.4323077738067154,3.9,1
elijah mcguire,00-0033295,Elijah McGuire,2017,4.783912986542381,5.21333333333333,15
elijah mitchell,00-0036567,Elijah Mitchell,2021,6.455957215576951,14.3285714285714,14
emari demercado,00-0038705,Emari Demercado,2023,3.955862785312574,6.66363636363636,11
eno benjamin,00-0036383,Eno Benjamin,2021,4.299043468114369,3.71111111111111,9
eric gray,00-0038396,Eric Gray,2023,2.816576653361933,1.3,10
evan hull,00-0038397,Evan Hull,2023,3.5696270077973167,1.7,1
ezekiel elliott,00-0033045,Ezekiel Elliott,2016,15.881906769754039,21.16875,16
fitzgerald toussaint,00-0031332,Fitzgerald Toussaint,2014,3.098381353559232,2.56666666666667,3
frank gore jr,00-0039471,Frank Gore Jr.,2025,2.608600042370198,0.8,2
fred jackson,00-0024204,Fred Jackson,2011,6.89818511601442,20.86,10
gary brightwell,00-0036569,Gary Brightwell,2021,3.435160095745316,0.285714285714286,7
george holani,00-0039299,George Holani,2024,2.8577148300964867,0.633333333333333,3
george winn,00-0030247,George Winn,2014,2.782932344844937,1.46,5
gus edwards,00-0034184,Gus Edwards,2018,3.9350120772722827,7.675,12
hassan haskins,00-0037617,Hassan Haskins,2022,4.092290469297529,1.85714285714286,14
isaac guerendo,00-0039363,Isaac Guerendo,2024,4.907207103534251,6.0125,16
isaiah crowell,00-0030656,Isaiah Crowell,2014,4.401949013387666,8.16,15
isaiah davis,00-0039798,Isaiah Davis,2024,5.510199416299785,3.53076923076923,13
isaiah pead,00-0029626,Isaiah Pead,2012,7.022700148138037,1.0,10
isaiah spiller,00-0038045,Isaiah Spiller,2022,4.916238512952035,1.68,5
israel abanikanda,00-0038389,Israel Abanikanda,2023,4.671148776659227,3.05,6
ito smith,00-0034378,Ito Smith,2018,5.002615233129742,7.51538461538462,13
j j taylor,00-0036096,J.J. Taylor,2020,2.6688536824327698,2.06666666666667,6
j k dobbins,00-0036158,J.K. Dobbins,2020,11.699451586263283,11.2647058823529,17
jacardia wright,00-0040067,Jacardia Wright,2025,3.0728312716257657,2.0,1
jacob kibodi,00-0039617,Jacob Kibodi,2024,3.6461114725840567,4.9,1
jacob saylors,00-0038896,Jacob Saylors,2025,2.6252864088921832,0.1,11
jacques patrick,00-0035760,Jacques Patrick,2021,4.254692476658352,1.2,1
jacquizz rodgers,00-0028083,Jacquizz Rodgers,2011,4.64930673162199,4.47647058823529,17
jahmyr gibbs,00-0039139,Jahmyr Gibbs,2023,13.95244641970596,16.2722222222222,18
jake funk,00-0036860,Jake Funk,2021,3.567384911490571,0.166666666666667,6
jaleel mclaughlin,00-0038794,Jaleel McLaughlin,2023,4.482638941980071,6.23529411764706,17
jalen richard,00-0033025,Jalen Richard,2016,4.173504989698577,6.97647058823529,17
jalston fowler,00-0032130,Jalston Fowler,2015,5.2039687409143305,1.89166666666667,12
jamaal williams,00-0033948,Jamaal Williams,2017,6.157900317220976,9.52,15
james conner,00-0033553,James Conner,2017,4.631337757395982,1.2,12
james cook,00-0037248,James Cook,2022,6.993346354726533,6.49444444444444,18
james robinson,00-0035831,James Robinson,2020,7.651520768830979,17.8857142857143,14
james white,00-0031062,James White,2014,7.501037852292051,3.7,3
jamie harper,00-0028068,Jamie Harper,2011,3.73689560774278,1.56,10
jamycal hasty,00-0035806,JaMycal Hasty,2020,2.851579515008374,5.18333333333333,6
jaret patterson,00-0036755,Jaret Patterson,2021,4.567864097487318,3.72666666666667,15
jarquez hunter,00-0040692,Jarquez Hunter,2025,2.2654004557310983,0.0,1
jase mcclellan,00-0039393,Jase McClellan,2024,3.8622370475610395,1.6,2
jashaun corbin,00-0037410,Jashaun Corbin,2023,2.2637914962159273,1.43333333333333,3
jason huntley,00-0036278,Jason Huntley,2020,2.8162233265430476,0.725,4
javonte williams,00-0036997,Javonte Williams,2021,13.135849046631899,12.0529411764706,17
jawhar jordan,00-0039405,Jawhar Jordan,2025,4.792225232105163,7.425,4
jay ajayi,00-0031590,Jay Ajayi,2015,6.484975956569264,4.74444444444444,9
jaydon blue,00-0040586,Jaydon Blue,2025,3.0724842841464555,4.08,5
jaylen warren,00-0037228,Jaylen Warren,2022,3.90562092395459,5.83125,16
jaylen wright,00-0039874,Jaylen Wright,2024,3.0602678651812725,2.05384615384615,13
jeff demps,00-0029722,Jeff Demps,2013,2.802692670179077,3.25,2
jeremiah johnson,00-0026799,Jeremiah Johnson,2011,4.543158284353667,3.12857142857143,7
jeremy hill,00-0031301,Jeremy Hill,2014,9.652275588318794,13.0352941176471,17
jeremy langford,00-0031569,Jeremy Langford,2015,6.346123503297239,9.84,15
jeremy mcnichols,00-0033955,Jeremy McNichols,2017,3.430363278056789,0.0,1
jeremy stewart,00-0029441,Jeremy Stewart,2012,5.526933382845026,6.075,4
jermar jefferson,00-0036670,Jermar Jefferson,2021,5.028200850693012,6.425,4
jerome ford,00-0037267,Jerome Ford,2022,2.5703725234365637,0.0923076923076923,13
joe banyard,00-0029048,Joe Banyard,2013,2.88597896171509,1.05,2
joe mixon,00-0033897,Joe Mixon,2017,9.601506104402167,10.0928571428571,14
john clay,00-0028208,John Clay,2011,2.902339352816175,3.4,3
john crockett,00-0031826,John Crockett,2015,3.323739831907249,1.05,2
john kelly,00-0034808,John Kelly,2018,6.797274049362833,2.42,5
johnathan franklin,00-0030078,Johnathan Franklin,2013,4.453388529106262,3.1,7
jon hilliman,00-0035013,Jon Hilliman,2019,2.5971297274903034,2.73333333333333,3
jonas gray,00-0029104,Jonas Gray,2014,4.320152862336021,8.14444444444444,9
jonathan taylor,00-0036223,Jonathan Taylor,2020,13.619727869641862,16.825,16
jonathan ward,00-0035924,Jonathan Ward,2020,3.1064348015424166,1.15714285714286,7
jonathan williams,00-0032975,Jonathan Williams,2016,3.708425417243777,1.55,8
jonathon brooks,00-0039344,Jonathon Brooks,2024,9.989331452656971,2.5,3
jordan howard,00-0032780,Jordan Howard,2016,6.61807106121644,15.34,15
jordan james,00-0040177,Jordan James,2025,4.862120468193275,4.5,1
jordan mason,00-0037525,Jordan Mason,2022,3.356204546960692,2.35714285714286,14
jordan mims,00-0038678,Jordan Mims,2023,2.964392089842353,0.0,2
jordan scarlett,00-0035275,Jordan Scarlett,2019,2.542641180901936,0.3,3
jordan wilkins,00-0034400,Jordan Wilkins,2018,4.897459585854387,4.06666666666667,15
joseph randle,00-0030388,Joseph Randle,2013,4.614070672744027,6.07142857142857,7
josh adams,00-0034457,Josh Adams,2018,4.25796883429151,5.86428571428571,14
josh ferguson,00-0032377,Josh Ferguson,2016,2.9362764583252647,2.37333333333333,15
josh jacobs,00-0035700,Josh Jacobs,2019,13.191279367371232,14.7384615384615,13
josh johnson,00-0036799,Josh Johnson,2021,3.0585453313124167,0.0,1
josh robinson,00-0031611,Josh Robinson,2015,3.5079004602705,2.24,5
josh williams,00-0040429,Josh Williams,2025,2.3458928573367066,0.55,2
joshua kelley,00-0036370,Joshua Kelley,2020,5.385855188440051,6.24615384615385,13
justice hill,00-0034975,Justice Hill,2019,5.141296236822596,3.3,17
justin jackson,00-0034440,Justin Jackson,2018,4.890303884429772,6.10909090909091,11
juwan thompson,00-0030705,Juwan Thompson,2014,4.991641569535834,4.30833333333333,12
ka deem carey,00-0031057,Ka'Deem Carey,2014,4.3595644045026996,2.40909090909091,11
kaleb johnson,00-0040142,Kaleb Johnson,2025,5.631609395083878,0.88,10
kalel mullings,00-0040205,Kalel Mullings,2025,3.9666830011664347,0.175,4
kalen ballage,00-0034799,Kalen Ballage,2018,4.086790066203583,3.14166666666667,12
kapri bibbs,00-0031102,Kapri Bibbs,2015,2.8459257465695598,0.0,1
kareem hunt,00-0033923,Kareem Hunt,2017,9.032763572928356,18.1705882352941,17
karlos williams,00-0032152,Karlos Williams,2015,5.918582369701536,11.3,11
ke shawn vaughn,00-0036450,Ke'Shawn Vaughn,2020,4.790974227070602,3.34285714285714,7
keaontay ingram,00-0037299,Keaontay Ingram,2022,3.2159677201417893,1.64545454545455,11
keaton mitchell,00-0038454,Keaton Mitchell,2023,5.006157335621397,9.98571428571429,7
keilan robinson,00-0039385,Keilan Robinson,2024,3.339958435533709,0.0,1
keith ford,00-0034509,Keith Ford,2018,3.65481061926336,6.5,2
kendall hunter,00-0028053,Kendall Hunter,2011,5.763556101091462,5.69444444444444,18
kendall milton,00-0039266,Kendall Milton,2025,2.673562974977072,0.2,1
kendre miller,00-0038551,Kendre Miller,2023,6.227628002080573,6.18571428571429,7
kene nwangwu,00-0036842,Kene Nwangwu,2021,2.951570984294316,2.55555555555556,9
kenjon barner,00-0030465,Kenjon Barner,2013,3.1911531221247693,0.68,5
kenneth dixon,00-0032411,Kenneth Dixon,2016,7.359763089275813,8.53333333333333,12
kenneth farrow,00-0032902,Kenneth Farrow,2016,3.3886833326828256,3.38181818181818,11
kenneth gainwell,00-0036919,Kenneth Gainwell,2021,5.443436666299513,8.22941176470588,17
kenneth walker iii,00-0038134,Kenneth Walker III,2022,11.876995510582647,13.50625,16
kenny mcintosh,00-0038636,Kenny McIntosh,2024,3.286471855385911,2.03636363636364,11
kenyan drake,00-0033118,Kenyan Drake,2016,5.165510999309376,3.09375,16
kerryon johnson,00-0034349,Kerryon Johnson,2018,9.729545185927398,13.94,10
kerwynn williams,00-0030117,Kerwynn Williams,2013,2.883992927238505,0.0,1
kevin harris,00-0037286,Kevin Harris,2022,2.4756158527620844,2.24,5
kevin smith,00-0026204,Kevin Smith,2011,7.355572976761073,16.5875,8
khalil herbert,00-0036906,Khalil Herbert,2021,4.425281157816282,4.93125,16
kimani vidal,00-0039391,Kimani Vidal,2024,4.521649228803622,3.63333333333333,9
knile davis,00-0030280,Knile Davis,2013,4.857132107186131,5.86470588235294,17
kyle monangai,00-0040236,Kyle Monangai,2025,5.971002824556756,8.62105263157895,19
kylin hill,00-0036669,Kylin Hill,2021,3.9236416528673055,0.4875,8
kyren williams,00-0037840,Kyren Williams,2022,3.7242358416425736,3.8125,8
lamar miller,00-0029615,Lamar Miller,2012,6.593105524702126,4.61111111111111,9
lance dunbar,00-0029004,Lance Dunbar,2012,3.601732379812451,1.86666666666667,9
larry rountree iii,00-0036650,Larry Rountree III,2021,3.6931477356664435,1.73333333333333,9
latavius murray,00-0030513,Latavius Murray,2014,5.318855707607999,6.59230769230769,13
le veon bell,00-0030496,Le'Veon Bell,2013,6.276220925464039,16.6846153846154,13
leonard fournette,00-0033856,Leonard Fournette,2017,15.946269427661797,18.1125,16
levante bellamy,00-0035912,Levante Bellamy,2020,3.166634405899716,0.65,4
mack brown,00-0032048,Mack Brown,2016,6.708264206924556,7.5,2
malcolm brown,00-0031806,Malcolm Brown,2015,3.3075082299642307,2.5,1
malik davis,00-0037563,Malik Davis,2022,3.1474433078599957,5.73333333333333,6
marion grice,00-0030999,Marion Grice,2014,3.563597797142897,3.72857142857143,7
mark ingram,00-0027966,Mark Ingram,2011,13.260575052189749,10.48,10
mark walton,00-0034679,Mark Walton,2018,3.9686433313108997,1.25,10
marlon mack,00-0033951,Marlon Mack,2017,5.3661471509856105,7.37857142857143,14
marshawn lloyd,00-0039811,MarShawn Lloyd,2024,5.7421343019582665,2.8,1
matt asiata,00-0028198,Matt Asiata,2012,2.030662322815768,0.42,5
matt breida,00-0033308,Matt Breida,2017,4.426921765704717,6.46875,16
matt jones,00-0031939,Matt Jones,2015,4.4509681712250035,8.8,13
mekhi sargent,00-0036698,Mekhi Sargent,2021,2.2135995979905854,0.275,4
melvin gordon,00-0032144,Melvin Gordon,2015,12.984483977993062,7.73571428571429,14
michael carter,00-0036924,Michael Carter,2021,7.634038187042812,11.0285714285714,14
michael cox,00-0030128,Michael Cox,2013,4.675599336613441,0.772727272727273,11
michael ford,00-0030134,Michael Ford,2013,2.0981918996669195,0.0,7
michael smith,00-0029145,Michael Smith,2012,2.8425489158843202,0.0,1
michael turner,00-0022821,Michael Turner,2011,5.83502061291197,13.8470588235294,17
mike boone,00-0034208,Mike Boone,2018,2.041078432219168,1.13333333333333,6
mike davis,00-0032063,Mike Davis,2015,3.8495596852048437,3.32,5
mike gillislee,00-0030433,Mike Gillislee,2013,3.2693951001979866,1.05,2
mike james,00-0030391,Mike James,2013,4.509896634310725,6.84,7
mikel leshoure,00-0027995,Mikel Leshoure,2012,11.503670093364658,13.0857142857143,14
miles sanders,00-0035243,Miles Sanders,2019,10.720459819280618,13.4941176470588,17
mohamed ibrahim,00-0038656,Mohamed Ibrahim,2023,3.949734099809554,0.0,1
montee ball,00-0030522,Montee Ball,2013,8.282032764687038,6.55263157894737,19
mossis madu,00-0028574,Mossis Madu,2011,4.57102006946062,3.78333333333333,6
najee harris,00-0036893,Najee Harris,2021,14.223609040545877,16.8611111111111,18
nate carter,00-0040547,Nate Carter,2025,3.223361594328089,2.0,2
nathan cottrell,00-0035835,Nathan Cottrell,2020,5.574531345173037,0.0,7
nyheim hines,00-0034367,Nyheim Hines,2018,6.570482182662425,9.60588235294118,17
omarion hampton,00-0040666,Omarion Hampton,2025,14.178812041670241,13.56,10
orleans darkwa,00-0030860,Orleans Darkwa,2014,3.4800304084671336,2.2625,8
owen wright,00-0038458,Owen Wright,2025,2.3969287897713776,0.3,2
patrick laird,00-0035342,Patrick Laird,2019,3.948680980882189,8.525,8
paul perkins,00-0032417,Paul Perkins,2016,4.810088597794782,5.7,15
peyton barber,00-0032741,Peyton Barber,2016,3.3170512932866334,3.61,10
phil mafah,00-0040021,Phil Mafah,2025,5.618182399300378,10.9,1
phillip tanner,00-0028613,Phillip Tanner,2011,3.2809958553312955,2.5,7
pierre strong,00-0038098,Pierre Strong,2022,3.756392775059632,2.72,10
pooka williams jr,00-0036734,Pooka Williams Jr.,2021,2.6376342233915726,0.0,1
qadree ollison,00-0035273,Qadree Ollison,2019,4.9341948377088105,5.11666666666667,6
quinshon judkins,00-0040784,Quinshon Judkins,2025,11.17769568386772,12.1285714285714,14
rachaad white,00-0037256,Rachaad White,2022,5.5307154331237856,8.48888888888889,18
raheem blackshear,00-0037429,Raheem Blackshear,2022,2.625650214920688,3.46153846153846,13
raheem mostert,00-0031687,Raheem Mostert,2015,1.651100141176958,0.0,9
raheim sanders,00-0040466,Raheim Sanders,2025,3.5346778396078395,5.075,4
rashaad penny,00-0034750,Rashaad Penny,2018,9.4000532247544,5.23571428571429,14
rasheen ali,00-0039796,Rasheen Ali,2024,2.6693890472021833,0.62,5
ray davis,00-0039875,Ray Davis,2024,5.263830612332057,6.285,20
ray graham,00-0030233,Ray Graham,2013,3.429985411267114,3.0,1
raymond calais,00-0036435,Raymond Calais,2020,2.666444825533437,0.0,4
reggie bonnafon,00-0034578,Reggie Bonnafon,2019,2.6640677076271886,2.66363636363636,11
rex burkhead,00-0030288,Rex Burkhead,2014,3.571287018482263,3.6625,8
rhamondre stevenson,00-0036875,Rhamondre Stevenson,2021,6.842430820671666,9.60769230769231,13
richard murphy,00-0028416,Richard Murphy,2012,6.816085200855844,1.84,5
rico dowdle,00-0036139,Rico Dowdle,2020,1.4813600226352819,0.48,5
rj harvey,00-0040730,RJ Harvey,2025,7.481841646718573,12.0052631578947,19
rob kelley,00-0032371,Rob Kelley,2016,5.622703794100651,9.47142857142857,14
robert turbin,00-0029273,Robert Turbin,2012,5.087986687444961,4.92941176470588,17
roc thomas,00-0034221,Roc Thomas,2018,3.8310121754518405,1.42,5
rod smith,00-0031900,Rod Smith,2015,2.725626618222008,0.42,5
rodney smith,00-0035957,Rodney Smith,2020,3.862667826247985,5.21428571428571,7
ronnie hillman,00-0029683,Ronnie Hillman,2012,5.812133592461451,4.43333333333333,15
ronnie rivers,00-0037557,Ronnie Rivers,2022,3.173789961690253,5.0,2
roschon johnson,00-0039021,Roschon Johnson,2023,5.946383268688087,6.80666666666667,15
royce freeman,00-0034838,Royce Freeman,2018,6.916746061815247,7.23571428571429,14
ryan nall,00-0034597,Ryan Nall,2019,2.535914583249717,0.2,4
ryan williams,00-0027976,Ryan Williams,2012,4.599463576872496,4.76,5
ryquell armstead,00-0035268,Ryquell Armstead,2019,5.268786067786089,3.65714285714286,14
salvon ahmed,00-0036020,Salvon Ahmed,2020,5.418435220339857,11.5,6
samaje perine,00-0033526,Samaje Perine,2017,7.385513853499841,8.34615384615385,13
saquon barkley,00-0034844,Saquon Barkley,2018,16.240861005984,24.1125,16
scottie phillips,00-0036069,Scottie Phillips,2020,3.1314399766987235,2.6,1
sean tucker,00-0038951,Sean Tucker,2023,2.5196615476557866,1.73333333333333,3
senorise perry,00-0031209,Senorise Perry,2014,1.9927263767067198,0.0692307692307692,13
sewo olonilua,00-0036033,Sewo Olonilua,2020,2.773550789707274,0.0,1
shaun wilson,00-0034621,Shaun Wilson,2018,2.5615747752215676,1.28,5
sincere mccormick,00-0037509,Sincere McCormick,2024,5.542210356169666,6.8,4
snoop conner,00-0037265,Snoop Conner,2022,3.72744027387438,2.04,5
spencer brown,00-0036543,Spencer Brown,2022,4.215089561210406,3.65,2
spencer ware,00-0030414,Spencer Ware,2013,3.5759639849103624,1.0,1
stepfan taylor,00-0030282,Stepfan Taylor,2013,4.389774115259382,2.21666666666667,12
stevan ridley,00-0028011,Stevan Ridley,2011,5.3823515793776995,4.3,13
storm johnson,00-0031243,Storm Johnson,2014,4.23649365403578,4.24,5
sutton smith,00-0035218,Sutton Smith,2021,2.495479816012296,0.0,1
t j yeldon,00-0032209,T.J. Yeldon,2015,10.321537868935026,12.9916666666667,12
tahj brooks,00-0040208,Tahj Brooks,2025,4.285002464973552,0.533333333333333,12
tank bigsby,00-0038555,Tank Bigsby,2023,4.06399175566714,1.90769230769231,13
tarik cohen,00-0033556,Tarik Cohen,2017,4.821944849852583,9.50875,16
terrell jennings,00-0039757,Terrell Jennings,2024,1.9763705103698905,1.65,2
terrence magee,00-0031768,Terrence Magee,2015,1.8716377035901706,0.85,2
terron ward,00-0031682,Terron Ward,2015,3.0526331522639207,3.18,10
tevin coleman,00-0032058,Tevin Coleman,2015,5.844370335286249,3.55,12
theo riddick,00-0030107,Theo Riddick,2013,2.338590808067738,1.25833333333333,12
thomas rawls,00-0031897,Thomas Rawls,2015,6.096425583869322,10.6333333333333,12
tion green,00-0033748,Tion Green,2017,3.8200127304172207,6.38,5
tony brooks james,00-0035551,Tony Brooks-James,2019,1.8366515535135572,0.233333333333333,3
tony pollard,00-0035261,Tony Pollard,2019,4.225765793020795,6.37142857142857,14
tra carson,00-0032540,Tra Carson,2018,2.1685735753052877,0.0,2
travis etienne,00-0036973,Travis Etienne,2022,13.637247904794481,12.3789473684211,19
travis homer,00-0035594,Travis Homer,2019,3.62668703732248,4.07777777777778,9
trayveon williams,00-0035291,Trayveon Williams,2020,5.928014369732206,3.61666666666667,6
tre mason,00-0031391,Tre Mason,2014,7.617172485719534,11.275,12
trent richardson,00-0029675,Trent Richardson,2012,16.255830129173237,16.98,15
trestan ebner,00-0037087,Trestan Ebner,2022,2.3799867607251617,0.563636363636364,11
treveyon henderson,00-0040734,TreVeyon Henderson,2025,12.190735943690608,10.5761904761905,21
trevor etienne,00-0040644,Trevor Etienne,2025,2.7656142437164726,0.783333333333333,18
trey benson,00-0039921,Trey Benson,2024,7.013431405345826,3.91666666666667,12
trey ragas,00-0036523,Trey Ragas,2021,3.3121595319975152,3.5,1
trey sermon,00-0036984,Trey Sermon,2021,4.570563292114512,4.04285714285714,7
trey watts,00-0030985,Trey Watts,2014,3.5713336046517323,0.975,8
trey williams,00-0031531,Trey Williams,2015,2.795492643130906,1.2,1
troymaine pope,00-0033164,Troymaine Pope,2016,3.9917951002795817,1.475,4
ty chandler,00-0037276,Ty Chandler,2022,3.09249514053897,1.0,2
ty johnson,00-0035537,Ty Johnson,2019,3.909781774719756,3.7625,16
ty son williams,00-0036457,Ty'Son Williams,2021,4.527952844334735,5.98571428571429,7
tyjae spears,00-0039032,Tyjae Spears,2023,5.9887829646612,9.04705882352941,17
tyler allgeier,00-0037263,Tyler Allgeier,2022,6.044087143860303,9.9625,16
tyler badie,00-0037085,Tyler Badie,2022,5.325744330357192,9.4,1
tyler ervin,00-0032404,Tyler Ervin,2016,3.2608783754809205,0.364285714285714,14
tyler goodson,00-0037120,Tyler Goodson,2023,3.086181602724757,3.01666666666667,6
tyrion davis price,00-0037827,Tyrion Davis-Price,2022,4.060311357777973,1.98,5
tyrone tracy jr,00-0039384,Tyrone Tracy Jr.,2024,4.919985990968758,10.7235294117647,17
ulysses bentley iv,00-0040476,Ulysses Bentley IV,2025,1.8906507661257947,0.0,1
vick ballard,00-0029547,Vick Ballard,2012,5.394660956960938,8.35294117647059,17
wayne gallman,00-0033950,Wayne Gallman,2017,5.198506945824467,8.06923076923077,13
wendell smallwood,00-0032782,Wendell Smallwood,2016,3.5885706921811673,4.39166666666667,12
will shipley,00-0039746,Will Shipley,2024,2.5492028369314195,1.8375,16
william powell,00-0028736,William Powell,2012,3.7347854541321697,4.49166666666667,12
xavier jones,00-0036078,Xavier Jones,2020,2.537241524211824,0.0,5
zac stacy,00-0030536,Zac Stacy,2013,5.217235539105514,14.1076923076923,13
zach charbonnet,00-0039165,Zach Charbonnet,2023,8.472765389176422,6.63125,16
zach evans,00-0039136,Zach Evans,2023,4.43585511387265,0.475,4
zach zenner,00-0031665,Zach Zenner,2015,3.2248571711428884,2.275,4
zack moss,00-0036251,Zack Moss,2020,8.02205397393738,7.87857142857143,14
zamir white,00-0038040,Zamir White,2022,3.3801471132342304,0.636363636363636,11
zurlon tipton,00-0030855,Zurlon Tipton,2014,3.8883632771246233,5.51428571428571,7
