"player_id","season","games","sacks_suffered_pg","sack_yards_lost_pg","sack_fumbles_pg","sack_fumbles_lost_pg","carries_pg","rushing_yards_pg","rushing_tds_pg","rushing_fumbles_pg","rushing_fumbles_lost_pg","rushing_first_downs_pg","rushing_epa_pg","rushing_2pt_conversions_pg","receptions_pg","targets_pg","receiving_yards_pg","receiving_tds_pg","receiving_fumbles_pg","receiving_fumbles_lost_pg","receiving_air_yards_pg","receiving_yards_after_catch_pg","receiving_first_downs_pg","receiving_epa_pg","receiving_2pt_conversions_pg","racr_pg","target_share_pg","air_yards_share_pg","wopr_pg","fumble_recovery_own_pg","fumble_recovery_yards_own_pg","fumble_recovery_tds_pg","penalties_pg","penalty_yards_pg"
"00-0030035",2025,15,0,0,0,0,0,0,0,0,0,0,NA,0,1.4,2.46666666666667,14.0666666666667,0,0,0,21.4666666666667,3.53333333333333,0.8,0.588246128897307,0.0666666666666667,0.711188754375926,0.0760213735669931,0.0828949550193235,0.172058528864016,0,0,0,0.0666666666666667,1
"00-0030279",2025,18,0,0,0,0,0,0,0,0,0,0,NA,0,4.66666666666667,7.22222222222222,44.5555555555556,0.222222222222222,0.111111111111111,0,59.8888888888889,13.1111111111111,2.83333333333333,1.66021767367477,0,0.817072848929008,0.223169439886242,0.22723663411099,0.493819803707056,0.0555555555555556,0.0555555555555556,0,0,0
"00-0030564",2025,17,0,0,0,0,0,0,0,0,0,0,NA,0,1.29411764705882,2.29411764705882,19.4117647058824,0.117647058823529,0,0,30.1764705882353,3.82352941176471,0.882352941176471,0.555719357509394,0,0.803291374931213,0.0987957062191976,0.152987225019369,0.255284616842355,0,0,0,0,0
"00-0031236",2025,15,0,0,0,0,0,0,0,0,0,0,NA,0,1.93333333333333,3.13333333333333,23.8,0,0,0,51.9333333333333,3.6,1.2,1.29645531621798,0,0.732208826191753,0.0959502201572485,0.218200183212069,0.296665458484321,0,0,0,0,0
"00-0031381",2025,17,0,0,0,0,0,0,0,0,0,0,NA,0,4.17647058823529,8.17647058823529,57.2941176470588,0.882352941176471,0,0,107.764705882353,9.35294117647059,3.58823529411765,1.85335873060784,0,0.5543329628947,0.24449165352981,0.359676361284287,0.618510933193716,0,0,0,0.0588235294117647,0.294117647058824
"00-0031408",2025,8,0,0,0,0,0,0,0,0,0,0,NA,0,3.75,7.75,46,0.375,0,0,103,4.625,2.875,0.658290620359351,0,0.50035820290445,0.243445881226054,0.347945044163035,0.608730352753205,0,0,0,0.375,3.75
"00-0031588",2025,21,0,0,0,0,0,0,0,0,0,0,NA,0,4.71428571428571,5.80952380952381,53.4761904761905,0.238095238095238,0,0,47.6190476190476,18.952380952381,2.61904761904762,3.3956624550885,0,1.22733839918555,0.214571801698979,0.184302545488422,0.450869484390364,0,0,0,0.19047619047619,1.66666666666667
"00-0031763",2025,4,0,0,0,0,0,0,0,0,0,0,NA,0,0,0,0,0,0,0,0,0,0,NA,0,NA,0,0,0,0.25,0.25,0,0,0
"00-0032211",2025,17,0,0,0,0,0,0,0,0,0,0,NA,0,1.88235294117647,3.23529411764706,17.1176470588235,0.0588235294117647,0,0,25.0588235294118,4.64705882352941,0.823529411764706,-0.502693295959687,0,0.800664993844878,0.111066794834802,0.132912630499446,0.259639033601816,0,0,0.0588235294117647,0.0588235294117647,0.588235294117647
"00-0032385",2025,13,0,0,0,0,0.307692307692308,1.46153846153846,0,0,0,0.0769230769230769,0.0457291870989142,0,3,4.07692307692308,28.5384615384615,0.0769230769230769,0.0769230769230769,0.0769230769230769,34.8461538461538,11.4615384615385,1.38461538461538,-0.217435807742181,0,0.82851677168296,0.126787942225987,0.133650482482211,0.283737251076529,0,0,0,0.153846153846154,1.15384615384615
"00-0032398",2025,10,0,0,0,0,0.1,0.9,0,0,0,0,0.725056131137535,0,1.1,2.3,20.7,0.1,0,0,33.2,5.3,1,1.53535374878346,0,0.787602172519215,0.0903728627237839,0.137340276350806,0.23169748753124,0,0,0,0,0
"00-0032464",2025,15,0,0,0,0,0.133333333333333,1.26666666666667,0,0,0,0.0666666666666667,0.777573269733693,0,1.6,2,19.2666666666667,0.0666666666666667,0,0,11.2666666666667,10.4666666666667,0.933333333333333,1.26709025148694,0,1.7414277466008,0.0599270287419108,0.0498482925970409,0.124784347930795,0,0,0,0.0666666666666667,0.4
"00-0032688",2025,3,0,0,0,0,0,0,0,0,0,0,NA,0,1.66666666666667,3,17.6666666666667,0,0,0,43.6666666666667,1.66666666666667,0.666666666666667,-0.0903719590472373,0,0.450059737156513,0.115111066167796,0.151950044867022,0.279031630658609,0,0,0,0,0
"00-0032775",2025,16,0,0,0,0,0.0625,0.375,0,0,0,0,0.316402049735188,0,1.8125,2.6875,24.25,0.125,0,0,34.8125,5.625,1.25,0.964986243299999,0.0625,0.570793281338903,0.0832086977591229,0.14458625197861,0.226023423023712,0,0,0,0,0
"00-0032951",2025,6,0,0,0,0,0,0,0,0,0,0,NA,0,0,0,0,0,0,0,0,0,0,NA,0,NA,0,0,0,0,0,0,0,0
"00-0033040",2025,4,0,0,0,0,0,0,0,0,0,0,NA,0,5.25,7.25,66.25,0.25,0,0,99.75,14.25,4.25,4.95864875268308,0,0.835799340037712,0.238832172531769,0.470747583661749,0.687771567360879,0,0,0,0,0
"00-0033282",2025,7,0,0,0,0,0,0,0,0,0,0,NA,0,1.14285714285714,1.71428571428571,11.8571428571429,0.142857142857143,0,0,26.4285714285714,4.14285714285714,0.714285714285714,0.471962061177086,0,1.03898097069496,0.0571628371628372,0.0898729206365639,0.14865530018985,0,0,0,0,0
"00-0033307",2025,15,0,0,0,0,0,0,0,0,0,0,NA,0,2.46666666666667,3.66666666666667,36.7333333333333,0,0,0,41.2666666666667,11,1.8,1.1089114208563,0,0.77325978802906,0.105724911533393,0.147528516949766,0.261857329164926,0,0,0,0.133333333333333,1
"00-0033375",2025,14,0,0,0,0,0,0,0,0,0,0,NA,0,1.07142857142857,1.78571428571429,13.3571428571429,0.214285714285714,0,0,19.9285714285714,3.85714285714286,0.714285714285714,0.375682826136502,0,1.23104354354354,0.0599296601399906,0.0689320912977566,0.138146954118416,0,0,0,0.214285714285714,1.78571428571429
"00-0033555",2025,16,0,0,0,0,0.0625,0.25,0,0,0,0,-0.224169542314485,0,3.25,4.6875,42.4375,0.1875,0.0625,0,66.5625,7.8125,2.125,2.23499316720821,0,0.775156476928734,0.160623976223154,0.214161221349403,0.390848819279314,0,0,0,0.0625,0.625
"00-0033572",2025,11,0,0,0,0,0,0,0,0,0,0,NA,0,0,0,0,0,0,0,0,0,0,NA,0,NA,0,0,0,0.0909090909090909,0.0909090909090909,0,0,0
"00-0033589",2025,3,0,0,0,0,0.333333333333333,4,0,0,0,0.333333333333333,1.035383395385,0,0.333333333333333,0.333333333333333,1.66666666666667,0,0,0,1.66666666666667,0,0,-0.3032329112757,0,1,0.0138888888888889,0.012531328320802,0.0296052631578947,0,0,0,0,0
"00-0033591",2025,4,0,0,0,0,0,0,0,0,0,0,NA,0,1.25,2.5,20.75,0,0,0,36.25,2.75,0.75,0.571006433725416,0,0.710572242706556,0.0914870689655173,0.161118030472869,0.250013224779284,0,0,0,0.25,1.25
"00-0033857",2025,17,0,0,0,0,0,0,0,0,0,0,NA,0,1.94117647058824,2.64705882352941,20.2941176470588,0.0588235294117647,0,0,14.3529411764706,11.2352941176471,1.11764705882353,0.16381722512306,0,1.53015343307001,0.0862733968113239,0.0597792352381504,0.171255559883691,0.0588235294117647,0.0588235294117647,0,0.176470588235294,2.05882352941176
"00-0033891",2025,6,0,0,0,0,0,0,0,0,0,0,NA,0,2,3,30.5,0,0,0,40.1666666666667,6,1.16666666666667,0.933753509540112,0,0.80535952619286,0.0848995100009299,0.142228734984404,0.226909379490478,0,0,0,0.166666666666667,2.5
"00-0033908",2025,19,0,0,0,0,0,0,0,0,0,0,NA,0,3.26315789473684,4.89473684210526,39.4736842105263,0.157894736842105,0.0526315789473684,0.0526315789473684,37.7368421052632,16.8947368421053,1.78947368421053,0.942893201657331,0.0526315789473684,1.70452650611813,0.177913611052936,0.159794107579879,0.378726291885319,0.0526315789473684,0.0526315789473684,0,0.0526315789473684,0.263157894736842
"00-0033921",2025,9,0,0,0,0,0,0,0,0,0,0,NA,0,3.66666666666667,5.66666666666667,40,0.222222222222222,0,0,40.1111111111111,22.8888888888889,2.33333333333333,1.63334413114708,0.111111111111111,1.50247071239387,0.179109691085497,0.157395211087818,0.378841184389719,0,0,0,0,0
"00-0033943",2025,5,0,0,0,0,0,0,0,0,0,0,NA,0,2.2,4.2,20.2,0,0,0,55.2,2.8,0.8,-0.484441635812958,0.2,0.593855229530562,0.157132577697094,0.215137350352934,0.386295011792695,0,0,0,0,0
"00-0034054",2025,2,0,0,0,0,0,0,0,0,0,0,NA,0,0,0,0,0,0,0,0,0,0,NA,0,NA,0,0,0,0,0,0,0,0
"00-0034272",2025,10,0,0,0,0,0,0,0,0,0,0,NA,0,1.7,3.4,14.6,0.1,0.1,0,37.6,3.3,0.7,-0.479047017010122,0,0.500204920351979,0.0906124570704366,0.143344478486513,0.236259820546214,0.1,0.1,0,0.1,1
"00-0034348",2025,19,0.0526315789473684,-0.263157894736842,0,0,0,0,0,0,0,0,NA,0,4.26315789473684,7.26315789473684,57.2105263157895,0.421052631578947,0,0,89.2105263157895,12.1578947368421,2.94736842105263,2.4139466285475,0.0526315789473684,0.669689877538472,0.209523522696315,0.339261954668876,0.551768652312686,0,0,0,0,0
"00-0034386",2025,3,0,0,0,0,0,0,0,0,0,0,NA,0,1,1.33333333333333,10,0,0,0,11,4.66666666666667,0.333333333333333,0.6757511465339,0,1.04323308270677,0.0536768652710682,0.0596104154243689,0.122242588703661,0,0,0,0,0
"00-0034407",2025,6,0,0,0,0,0,0,0,0,0,0,NA,0,1.16666666666667,2.5,11.5,0,0,0,14,7.66666666666667,0.666666666666667,-1.89039523939229,0,0.604545454545455,0.0740683351201643,0.0618172355099114,0.154374567537185,0,0,0,0.333333333333333,2.5
"00-0034418",2025,6,0,0,0,0,0,0,0,0,0,0,NA,0,0.833333333333333,1.5,7.33333333333333,0,0,0,13.1666666666667,4.16666666666667,0.5,-0.369051971433994,0,0.716534391534391,0.0621315411545297,0.0626470178186858,0.137050224204875,0,0,0,0.166666666666667,1.66666666666667
"00-0034419",2025,5,0,0,0,0,0,0,0,0,0,0,NA,0,1.2,1.6,7.4,0,0,0,4.8,3.6,0.6,1.17982003750513,0,0.73076923076923,0.0393592677345538,0.0144412191582003,0.0691477550125708,0,0,0,0,0
"00-0034487",2025,4,0,0,0,0,0,0,0,0,0,0,NA,0,0.75,1.25,5.25,0,0,0,11.25,3.5,0.25,-0.21366864904121,0,0.348684210526316,0.0346607971607971,0.0368902004487926,0.0778143360553506,0,0,0,0.75,7.5
"00-0034521",2025,9,0,0,0,0,0,0,0,0,0,0,NA,0,1.11111111111111,2,7.77777777777778,0.111111111111111,0,0,15.7777777777778,3.66666666666667,0.444444444444444,-1.07304313161876,0,0.700864228283583,0.0631962115609069,0.0572895277003781,0.134896986731625,0,0,0,0.111111111111111,0.555555555555556
"00-0034775",2025,13,0,0,0,0,0,0,0,0,0,0,NA,0,2.92307692307692,5.15384615384615,31,0.230769230769231,0,0,38.9230769230769,13.3846153846154,1.53846153846154,-0.798633608759315,0,0.779759050670046,0.155245914803826,0.130907532297888,0.324504144814261,0,0,0,0,0
"00-0034827",2025,19,0,0,0,0,0.894736842105263,4.31578947368421,0.0526315789473684,0,0,0.315789473684211,0.319796306499153,0,3.21052631578947,5.26315789473684,42,0.421052631578947,0,0,59.1578947368421,14.4736842105263,1.94736842105263,1.1672817174747,0,0.782629983608904,0.162390991597509,0.193806790363843,0.379251240650953,0,0,0,0.315789473684211,2.05263157894737
"00-0034837",2025,7,0,0,0,0,0,0,0,0,0,0,NA,0,2.42857142857143,5.14285714285714,43.2857142857143,0,0,0,64.7142857142857,12,1.85714285714286,1.74588929026646,0,0.86718873820058,0.168189333628654,0.244170211582278,0.423203148550575,0,0,0,0,0
"00-0034854",2025,8,0,0,0,0,0,0,0,0,0,0,NA,0,0.375,1.25,3.875,0,0,0,18.75,1.125,0.25,-0.930720676473918,0,0.0984126984126983,0.0406198686371101,0.0666510792913657,0.107585558459621,0,0,0,0.125,1.25
"00-0034860",2025,8,0,0,0,0,0,0,0,0,0,0,NA,0,1.125,1.375,15.875,0,0.125,0.125,13.125,10.75,0.5,-1.00816208949252,0,1.57142857142857,0.0424674226719662,0.0424931009685844,0.0934463046859582,0,0,0,0.25,1.875
"00-0034867",2025,3,0,0,0,0,0,0,0,0,0,0,NA,0,0,0.666666666666667,0,0,0,0,1,0,0,-0.374462363921339,0,0,0.0180555555555555,0.00427793621986,0.0300778886872353,0,0,0,0,0
"00-0034928",2025,3,0,0,0,0,0,0,0,0,0,0,NA,0,0,0.333333333333333,0,0,0,0,0.666666666666667,0,0,-0.555991165339947,0,0,0.0114942528735632,0.00292397660818713,0.0192881629360758,0,0,0,0,0
"00-0034960",2025,17,0,0,0,0,0.294117647058824,0.764705882352941,0,0,0,0.0588235294117647,-0.135685280246738,0,4.47058823529412,6.70588235294118,49.8235294117647,0.176470588235294,0.0588235294117647,0.0588235294117647,61.9411764705882,16.5882352941176,2.58823529411765,0.405332657617281,0,0.848360230797845,0.223127162255846,0.274934351826778,0.527144789662514,0,0,0,0.176470588235294,1.76470588235294
"00-0034983",2025,6,0,0,0,0,0,0,0,0,0,0,NA,0,2.5,4.33333333333333,14.8333333333333,0.333333333333333,0,0,32.3333333333333,4,1.33333333333333,-0.333806637051318,0,0.579650422041726,0.130299630334314,0.13243486582135,0.288153851576415,0,0,0,0,0
"00-0035021",2025,12,0,0,0,0,0.25,3.66666666666667,0,0,0,0.166666666666667,1.30352250482732,0,0.416666666666667,0.833333333333333,8.83333333333333,0,0,0,13.1666666666667,4.41666666666667,0.333333333333333,1.15189190384699,0,2.1478431372549,0.0267598944514267,0.048155541690064,0.0738487208601848,0,0,0,0.166666666666667,1.75
"00-0035140",2025,3,0,0,0,0,0,0,0,0,0,0,NA,0,0.333333333333333,1,1.33333333333333,0.333333333333333,0,0,23,0.666666666666667,0.333333333333333,0.158615073509282,0,0.0869565217391305,0.0282051282051282,0.0656122885891673,0.0882362943201093,0,0,0,0,0
"00-0035208",2025,16,0,0,0,0,0.25,1.5625,0,0,0,0.0625,0.158524167156429,0,2.5625,4.3125,20.625,0.1875,0,0,31.8125,9,1,-0.188961009735247,0,0.783394317770616,0.134316968602613,0.107820435816569,0.276949757975518,0,0,0,0.0625,0.625
"00-0035298",2025,5,0,0,0,0,0,0,0,0,0,0,NA,0,1.8,2.8,12.4,0,0,0,14.8,6.2,0.8,-0.221498948609672,0,1.26946778711485,0.0778697357644726,0.0755963793194958,0.169722069170356,0,0,0,0,0
"00-0035359",2025,12,0,0,0,0,0,0,0,0,0,0,NA,0,1.5,3,15.9166666666667,0.166666666666667,0,0,33.6666666666667,4.66666666666667,0.75,-0.148335941679755,0,0.563359788359788,0.10130789231145,0.141451592713673,0.250977953366747,0,0,0,0.166666666666667,1.25
"00-0035406",2025,9,0,0,0,0,0,0,0,0,0,0,NA,0,1.77777777777778,3.66666666666667,21.5555555555556,0.222222222222222,0,0,42.3333333333333,3.33333333333333,1.22222222222222,1.07178995791477,0,0.569750560208873,0.112073293527625,0.163508787885198,0.282566091811075,0,0,0,0.111111111111111,0.555555555555556
"00-0035500",2025,12,0,0,0,0,0.583333333333333,1.25,0.0833333333333333,0,0,0.0833333333333333,-0.277782572823344,0,2.41666666666667,2.75,17.1666666666667,0.25,0,0,4.83333333333333,16.1666666666667,0.833333333333333,0.425108110963355,0,0.922163265306122,0.0681307205119931,0.0115732443335236,0.110297351801456,0.0833333333333333,0.0833333333333333,0,0.0833333333333333,0.416666666666667
"00-0035535",2025,14,0,0,0,0,0,0,0,0,0,0,NA,0,2.64285714285714,4.5,38.4285714285714,0.0714285714285714,0.0714285714285714,0.0714285714285714,60.2142857142857,14.1428571428571,1.64285714285714,1.28581465535509,0.142857142857143,0.710887281811279,0.154614139382141,0.249708639389512,0.406717256645871,0,0,0,0.285714285714286,2.5
"00-0035544",2025,6,0,0,0,0,0,0,0,0,0,0,NA,0,0.666666666666667,0.666666666666667,6,0,0,0,5.33333333333333,0.666666666666667,0.333333333333333,4.50274259829894,0,1.125,0.0246913580246913,0.0313725490196078,0.0589978213507625,0,0,0,0,0
"00-0035602",2025,11,0,0,0,0,0,0,0,0,0,0,NA,0,0.181818181818182,0.272727272727273,1.09090909090909,0,0,0,1.27272727272727,0.181818181818182,0.181818181818182,0.355009661191921,0,0.761904761904763,0.00941230486685033,0.00508241542754053,0.0176761480995539,0.0909090909090909,0.0909090909090909,0,0.0909090909090909,0.454545454545455
"00-0035639",2025,1,0,0,0,0,0,0,0,0,0,0,NA,0,0,0,0,0,0,0,0,0,0,NA,0,NA,0,0,0,0,0,0,0,0
"00-0035640",2025,16,0,0,0,0,0.125,0.75,0.0625,0,0,0.0625,1.6868094765814,0,3.8125,6.5,55.75,0.375,0,0,68.8125,27.6875,2.4375,2.07746818130479,0,1.07547644272484,0.220187094679884,0.360797206244277,0.58283868639082,0,0,0,0.5,5.3125
"00-0035645",2025,16,0,0,0,0,0,0,0,0,0,0,NA,0,0.625,0.8125,9.0625,0.0625,0,0,8.125,4.625,0.4375,2.65247262007802,0,2.1797292143402,0.0255926724137931,0.0396476545748289,0.0661423668230699,0,0,0,0,0
"00-0035659",2025,10,0,0,0,0,0,0,0,0,0,0,NA,0,3.8,6,58.2,0.3,0,0,83.9,9.3,3.3,3.17498265405018,0,0.814223629130407,0.232345735027223,0.371346368738235,0.608461060657599,0,0,0,0.2,1
"00-0035662",2025,16,0,0,0,0,0,0,0,0,0,0,NA,0,3.0625,4.625,36.6875,0.3125,0.0625,0,52.25,11.875,1.8125,1.39670645899536,0,2.03497080890347,0.1419715999065,0.197389692461994,0.351130184583145,0,0,0,0.0625,0.9375
"00-0035676",2025,16,0,0,0,0,0,0,0,0,0,0,NA,0,5.0625,8,64.25,0.4375,0,0,97.375,16.75,3,2.00955635346322,0,0.705423883860385,0.281519694522092,0.359566852577479,0.673976338587374,0,0,0,0.4375,3.1875
"00-0035719",2025,16,0,0,0,0,1.0625,4.6875,0.0625,0.0625,0,0.25,0.0142600561899599,0,4.5,6.1875,45.4375,0.3125,0.0625,0,32.9375,29.125,2,1.10131812593639,0,2.24546021264035,0.253664198655827,0.134447169915225,0.474609316924399,0.125,0.125,0,0.1875,1.5625
"00-0035876",2025,4,0,0,0,0,0,0,0,0,0,0,NA,0,0.5,1,2,0,0,0,1.75,1.75,0,-0.904912333120592,0,1.25,0.0215097402597403,0.00464210402999062,0.0355140832106038,0,0,0,0,0
"00-0035891",2025,8,0,0,0,0,0,0,0,0,0,0,NA,0,0.375,0.5,11.25,0.125,0,0,4.875,7.25,0.25,1.61410665279254,0,2.175,0.020018115942029,0.0287904830001191,0.0501805120131269,0,0,0,0,0
"00-0036133",2025,6,0,0,0,0,0,0,0,0,0,0,NA,0,1,2,10.8333333333333,0,0,0,29.1666666666667,0.333333333333333,0.333333333333333,0.27948672581503,0,0.516194968553459,0.0596193345316152,0.107369584727017,0.164587711106335,0,0,0,0.166666666666667,2.5
"00-0036165",2025,6,0,0,0,0,0,0,0,0,0,0,NA,0,1.66666666666667,3.16666666666667,19.1666666666667,0.166666666666667,0,0,34.5,2.83333333333333,1,0.919071546485274,0,0.615461393596987,0.102009146570506,0.130395988380213,0.244290911721908,0,0,0,0,0
"00-0036176",2025,6,0,0,0,0,0,0,0,0,0,0,NA,0,0.333333333333333,0.666666666666667,8,0,0,0,15.3333333333333,0.5,0.333333333333333,1.69923230542918,0,0.633795582948125,0.0186507936507937,0.0514368505995491,0.0639819858958748,0,0,0,0,0
"00-0036182",2025,13,0,0,0,0,0,0,0,0,0,0,NA,0,0.846153846153846,1.53846153846154,6.84615384615385,0,0,0,8.46153846153846,2.15384615384615,0.615384615384615,0.129126615615355,0,0.57051282051282,0.0515563539229792,0.0455076011894015,0.10918985171705,0,0,0,0.0769230769230769,0.307692307692308
"00-0036196",2025,7,0,0,0,0,0,0,0,0,0,0,NA,0,2,3,20.4285714285714,0.142857142857143,0,0,26.1428571428571,4.57142857142857,1.28571428571429,1.7072668906268,0,0.675132275132275,0.103268749309122,0.161184142791916,0.267732023918024,0,0,0,0,0
"00-0036252",2025,17,0,0,0,0,0,0,0,0,0,0,NA,0,4.70588235294118,6.52941176470588,46.1176470588235,0.411764705882353,0,0,53.3529411764706,15.2352941176471,2.76470588235294,1.31286280525955,0.0588235294117647,0.959953962082528,0.206487181391896,0.209882914293282,0.456648812093141,0,0,0,0.117647058823529,1.17647058823529
"00-0036259",2025,17,0,0,0,0,0,0,0,0,0,0,NA,0,3.41176470588235,5.76470588235294,41.8235294117647,0.529411764705882,0.0588235294117647,0.0588235294117647,59.1764705882353,12.6470588235294,2.23529411764706,-0.110095115517262,0.0588235294117647,0.762711718059984,0.192568721475212,0.249199440592564,0.463292690627612,0,0,0,0.235294117647059,2.05882352941176
"00-0036309",2025,15,0,0,0,0,0,0,0,0,0,0,NA,0,2.13333333333333,4.8,29.5333333333333,0.0666666666666667,0.133333333333333,0,67.9333333333333,4.86666666666667,1.66666666666667,0.244527834097974,0,0.559958248037632,0.162153417696059,0.279785262627423,0.439079810383286,0,0,0,0,0
"00-0036322",2025,17,0,0,0,0,0.117647058823529,0.411764705882353,0,0,0,0,-0.0283596658846363,0,4.94117647058824,8.29411764705882,61.6470588235294,0.117647058823529,0,0,84.5882352941177,26.5294117647059,2.76470588235294,-0.813451896235513,0,0.816002774173459,0.306695937647503,0.401469294507678,0.741072412626629,0,0,0,0.0588235294117647,0.294117647058824
"00-0036331",2025,19,0,0,0,0,0,0,0,0,0,0,NA,0,0.105263157894737,0.263157894736842,1.36842105263158,0,0,0,3.94736842105263,0,0.0526315789473684,-0.102926733904921,0,0.347222222222222,0.00774050510892616,0.0129092953962161,0.0206472644407405,0.0526315789473684,0.0526315789473684,0,0,0
"00-0036358",2025,13,0,0,0,0,0.0769230769230769,0.153846153846154,0,0,0,0,-0.247850599349476,0,5.76923076923077,9,82.8461538461538,0.230769230769231,0,0,107.923076923077,24.8461538461538,3.30769230769231,2.2300630295856,0,0.879224048846928,0.251031091464629,0.334997753303924,0.61104506450969,0,0,0,0.230769230769231,1.53846153846154
"00-0036407",2025,17,0,0,0,0,0.0588235294117647,0.294117647058824,0,0,0,0.0588235294117647,2.73338731657714,0,2.94117647058824,6.23529411764706,35.4117647058824,0.117647058823529,0.0588235294117647,0.0588235294117647,75.7647058823529,9.76470588235294,1.82352941176471,-1.90032079400133,0,0.456415911578483,0.205305917335509,0.353502739942653,0.55541079396312,0,0,0,0.117647058823529,1.17647058823529
"00-0036410",2025,15,0,0,0,0,0,0,0,0,0,0,NA,0,3.93333333333333,6.53333333333333,56.4,0.733333333333333,0,0,87.6,11.0666666666667,2.73333333333333,2.39912443932654,0.0666666666666667,0.675279539643273,0.182648265788703,0.329932540284376,0.504925176882119,0.0666666666666667,0.0666666666666667,0,0,0
"00-0036415",2025,14,0,0,0,0,0,0,0,0,0,0,NA,0,2.07142857142857,3.71428571428571,25,0.0714285714285714,0,0,44.5,5.92857142857143,1.21428571428571,0.638460467229843,0,1.4578243912304,0.120399188765199,0.200029553809604,0.320619470814522,0,0,0,0.0714285714285714,0.357142857142857
"00-0036427",2025,9,0,0,0,0,0,0,0,0,0,0,NA,0,1.33333333333333,2,21.8888888888889,0.111111111111111,0,0,23.3333333333333,7.11111111111111,0.888888888888889,1.1754530555811,0,0.866862127041517,0.0784536827112729,0.107971080850339,0.193260280662146,0,0,0,0.111111111111111,0.555555555555556
"00-0036463",2025,1,0,0,0,0,0,0,0,0,0,0,NA,0,0,0,0,0,0,0,0,0,0,NA,0,NA,0,0,0,0,0,0,0,0
"00-0036497",2025,2,0,0,0,0,0,0,0,0,0,0,NA,0,0.5,0.5,7.5,0,0,0,2,5.5,0.5,1.07519215316279,0,3.75,0.0151515151515152,0.0069204152249135,0.0275715633847122,0,0,0,0,0
"00-0036527",2025,1,0,0,0,0,0,0,0,0,0,0,NA,0,0,0,0,0,0,0,0,0,0,NA,0,NA,0,0,0,0,0,0,0,0
"00-0036550",2025,13,0,0,0,0,0,0,0,0,0,0,NA,0,1.46153846153846,2.92307692307692,17.2307692307692,0.153846153846154,0,0,36,3,0.923076923076923,-0.128904594955203,0.0769230769230769,0.70815947497293,0.119438642021594,0.174617286135844,0.301390063327482,0,0,0,0.0769230769230769,1
"00-0036554",2025,16,0,0,0,0,0.125,0.9375,0.0625,0,0,0.0625,0.997755180374954,0,4.625,7.9375,71.125,0.375,0.0625,0.0625,99.1875,20.75,3.0625,2.34935734288939,0.0625,0.84653266293085,0.240941259139112,0.341365929255193,0.600368039187303,0,0,0,0.125,1.25
"00-0036613",2025,16,0,0,0,0,0.125,1.75,0,0,0,0.0625,0.964757831650788,0,4,6.25,56.875,0.375,0.0625,0,81.625,14.25,3,2.15322875348742,0,0.773507910489867,0.232943252860675,0.427052699128492,0.648351768680957,0,0,0,0,0
"00-0036620",2025,11,0,0,0,0,0,0,0,0,0,0,NA,0,0.363636363636364,0.636363636363636,5.63636363636364,0,0,0,8.90909090909091,0.818181818181818,0.272727272727273,0.609173194156028,0,0.526360126360127,0.0202539232781168,0.0386171691712238,0.0574129033370319,0,0,0,0.0909090909090909,1.36363636363636
"00-0036626",2025,11,0,0,0,0,0.545454545454545,2.72727272727273,0,0.0909090909090909,0.0909090909090909,0.181818181818182,-0.133305452635977,0,1.81818181818182,3.36363636363636,20.6363636363636,0.0909090909090909,0,0,47.0909090909091,2.81818181818182,1.18181818181818,-0.208392019058441,0,0.471349927504877,0.0986432904735162,0.173956247218236,0.269734308763039,0,0,0,0.181818181818182,1.36363636363636
"00-0036630",2025,11,0,0,0,0,0,0,0,0,0,0,NA,0,0.363636363636364,0.727272727272727,4.09090909090909,0.0909090909090909,0,0,9.72727272727273,1.54545454545455,0.272727272727273,0.251896353402129,0,0.342592592592593,0.0281149153876427,0.0461133392593304,0.0744517105629953,0.0909090909090909,0.0909090909090909,0,0.181818181818182,1.36363636363636
"00-0036646",2025,7,0,0,0,0,0,0,0,0,0,0,NA,0,0,0,0,0,0,0,0,0,0,NA,0,NA,0,0,0,0,0,0,0,0
"00-0036841",2025,6,0,0,0,0,0,0,0,0,0,0,NA,0,0.5,1.66666666666667,7.66666666666667,0,0,0,21.6666666666667,0.333333333333333,0.333333333333333,-0.994168117117427,0,0.388571428571429,0.0665876152832675,0.10050658166976,0.170236030093734,0,0,0,0,0
"00-0036849",2025,8,0,0,0,0,0,0,0,0,0,0,NA,0,0.75,1.875,24,0.125,0,0,37.75,8.375,0.5,0.346939944696215,0,0.566220183325447,0.0494642844453342,0.0893621459271773,0.136749928817025,0,0,0,0,0
"00-0036862",2025,17,0,0,0,0,0,0,0,0,0,0,NA,0,0.235294117647059,0.352941176470588,4.05882352941176,0.0588235294117647,0,0,3.58823529411765,1.35294117647059,0.235294117647059,0.901491016789806,0,1.12962962962963,0.0128942908440553,0.0250969690350721,0.0369093145906335,0,0,0,0.294117647058824,2.64705882352941
"00-0036900",2025,16,0,0,0,0,0.1875,0.875,0,0,0,0,0.0409546250787866,0,7.8125,11.5625,88.25,0.5,0.0625,0.0625,98.125,40,4.5625,2.5862171089848,0,1.02961736686548,0.320657437815998,0.365828734016337,0.737066270535434,0,0,0,0,0
"00-0036912",2025,18,0,0,0,0,0,0,0,0,0,0,NA,0,4.72222222222222,6.88888888888889,59.8888888888889,0.222222222222222,0,0,77.3888888888889,19.0555555555556,2.55555555555556,2.98219206765773,0,1.00729647955008,0.25008514922803,0.310177580417897,0.592252030134572,0,0,0,0.111111111111111,0.833333333333333
"00-0036959",2025,4,0,0,0,0,0,0,0,0,0,0,NA,0,1,1,12.5,0.25,0,0,6,6.5,0.75,2.41996658034623,0,2.32424242424242,0.0286789546899841,0.0223759321476845,0.0586815845383553,0,0,0,0,0
"00-0036963",2025,17,0,0,0,0,0.176470588235294,0.529411764705882,0,0,0,0.0588235294117647,0.278495122387539,0,6.88235294117647,10.1176470588235,82.4117647058823,0.647058823529412,0.0588235294117647,0,81.7647058823529,33.5294117647059,4.23529411764706,3.27145389653852,0,1.05904166037656,0.316639691197311,0.386639116960171,0.745606918668085,0,0,0,0.0588235294117647,0
"00-0036980",2025,10,0,0,0,0,0.6,2.4,0.1,0,0,0.3,-0.00303197494940781,0,1,1.8,11.6,0,0,0,14.6,5.8,0.4,-0.552498123899567,0,1.63334180567479,0.0646238542053759,0.0890467289374778,0.159268491564298,0.1,0.1,0,0,0
"00-0036988",2025,12,0,0,0,0,0,0,0,0,0,0,NA,0,1.83333333333333,3.08333333333333,25.25,0,0,0,35.3333333333333,4.5,1.16666666666667,0.561967703290519,0,0.661173826173826,0.102407052823719,0.142182718998975,0.253138482534862,0,0,0,0.25,1.41666666666667
"00-0037093",2025,11,0,0,0,0,0,0,0,0,0,0,NA,0,0.181818181818182,0.272727272727273,4.36363636363636,0,0,0,5.18181818181818,0,0.181818181818182,0.656703484826718,0,0.666666666666667,0.0107157548334019,0.0243962281859067,0.0331509919802375,0,0,0,0,0
"00-0037098",2025,1,0,0,0,0,0,0,0,0,0,0,NA,0,1,3,3,0,0,0,30,0,0,-8.68517970072571,0,0.1,0.0882352941176471,0.106761565836299,0.20708603726188,0,0,0,0,0
"00-0037132",2025,7,0,0,0,0,0,0,0,0,0,0,NA,0,0.285714285714286,0.571428571428571,2.85714285714286,0,0,0,1.14285714285714,2.85714285714286,0.285714285714286,0.596368302264206,0,2.5,0.0168067226890756,0.00298396120850429,0.0272988568795664,0.285714285714286,0.285714285714286,0,0,0
"00-0037231",2025,5,0,0,0,0,0,0,0,0,0,0,NA,0,2.6,4.6,28,0.2,0,0,38.2,11.2,1.4,0.0682499892898441,0,0.736146100851982,0.139880284251051,0.130308340531177,0.3010362647484,0,0,0,0.2,1
"00-0037238",2025,12,0,0,0,0,0,0,0,0,0,0,NA,0,5.66666666666667,9.33333333333333,76.5833333333333,0.583333333333333,0.0833333333333333,0.0833333333333333,101.75,19.0833333333333,3.83333333333333,2.06504961105509,0.0833333333333333,0.752381808469662,0.297111125939339,0.40241994558967,0.727360650821779,0,0,0,0.166666666666667,1.66666666666667
"00-0037239",2025,16,0,0,0,0,0.0625,-0.1875,0,0,0,0,-1.25310192722827,0,6.25,9.75,72.6875,0.5625,0,0,115.0625,18.0625,3.3125,2.22683514141912,0,0.651396198080257,0.291789825437084,0.409910094815176,0.724621804526249,0,0,0,0.1875,0.9375
"00-0037240",2025,17,0,0,0,0,0.352941176470588,0.705882352941177,0,0,0,0,-0.237618660525185,0,3.82352941176471,6,65.7058823529412,0.411764705882353,0,0,75.8235294117647,25.9411764705882,2.88235294117647,3.30402556023787,0,0.998998965397905,0.186199620212549,0.319456773868396,0.502919172026701,0,0,0,0.235294117647059,2.23529411764706
"00-0037247",2025,17,0,0,0,0,0,0,0,0,0,0,NA,0,5.47058823529412,8.05882352941176,84.0588235294118,0.529411764705882,0.235294117647059,0,91,28.1764705882353,4.29411764705882,5.22015948706494,0.0588235294117647,0.938798828377143,0.22515137693719,0.322092423147926,0.563191761609333,0.0588235294117647,0.0588235294117647,0,0.411764705882353,5.29411764705882
"00-0037261",2025,18,0,0,0,0,0.0555555555555556,0.277777777777778,0,0,0,0,-0.105408141389489,0,5.05555555555556,6.44444444444444,48.6666666666667,0.222222222222222,0.0555555555555556,0.0555555555555556,21.8888888888889,36.3333333333333,1.88888888888889,0.817036460961933,0,5.43035544031921,0.219789046389288,0.0845752796479455,0.388886265337494,0,0,0,0.111111111111111,0.611111111111111
"00-0037291",2025,17,0,0,0,0,0.117647058823529,0.764705882352941,0,0,0,0.0588235294117647,-0.636002544662915,0,1.70588235294118,3.11764705882353,26.1176470588235,0.235294117647059,0,0,38.5882352941176,6.58823529411765,1.35294117647059,0.680152299723783,0.0588235294117647,0.657940545524707,0.116549593470729,0.171394988622313,0.294800882241713,0,0,0,0.117647058823529,0.588235294117647
"00-0037380",2025,1,0,0,0,0,0,0,0,0,0,0,NA,0,0,0,0,0,0,0,0,0,0,NA,0,NA,0,0,0,0,0,0,0,0
"00-0037487",2025,7,0,0,0,0,0.142857142857143,0.714285714285714,0,0,0,0,0.34703506808728,0,0.428571428571429,0.428571428571429,3.85714285714286,0,0,0,1,2.85714285714286,0.142857142857143,0.466776765708346,0,1.04545454545454,0.0143186306780777,0.00740296118447378,0.0266600188462482,0,0,0,0.142857142857143,1.42857142857143
"00-0037524",2025,2,0,0,0,0,0,0,0,0,0,0,NA,0,1,1,11.5,0,0,0,9,2.5,0.5,1.26624745881418,0,1.625,0.042572463768116,0.0328437253123446,0.0868493033708151,0,0,0,0.5,6.5
"00-0037545",2025,21,0,0,0,0,0.619047619047619,4.33333333333333,0,0,0,0.19047619047619,-0.0596328053099568,0,2.95238095238095,4.85714285714286,36.4285714285714,0.0952380952380952,0.0476190476190476,0.0476190476190476,62.6666666666667,9.23809523809524,1.52380952380952,-0.204786217014718,0,0.594969873831966,0.15539064544211,0.239916504307518,0.401027521178427,0,0,0,0.0952380952380952,0.476190476190476
"00-0037614",2025,13,0,0,0,0,0.230769230769231,-0.384615384615385,0,0,0,0,-1.01052237193411,0,2.53846153846154,3.69230769230769,21.0769230769231,0.153846153846154,0,0,20.6153846153846,10.7692307692308,1.15384615384615,-0.194879203360797,0,1.18345094434813,0.132060015485793,0.104712330389802,0.271388654501551,0,0,0,0.0769230769230769,0.769230769230769
"00-0037664",2025,15,0,0,0,0,0,0,0,0,0,0,NA,0,3.13333333333333,5.6,66.8666666666667,0.4,0,0,106.2,11.6,2.73333333333333,3.71860753722906,0,0.712968554654576,0.176018553193192,0.405938521364432,0.54818479474489,0,0,0,0.266666666666667,2
"00-0037666",2025,12,0,0,0,0,0,0,0,0,0,0,NA,0,1.5,2.83333333333333,16.9166666666667,0.0833333333333333,0,0,34,3.83333333333333,1,0.446457447434024,0.0833333333333333,0.576011288730619,0.0764727973380298,0.119025420033082,0.198026990030202,0,0,0,0.166666666666667,1.25
"00-0037740",2025,7,0,0,0,0,0,0,0,0,0,0,NA,0,5.14285714285714,8.42857142857143,56.4285714285714,0.571428571428571,0.142857142857143,0,76.4285714285714,14.2857142857143,2.57142857142857,-0.295018292593374,0,0.689842272857984,0.353892668178382,0.562568162805112,0.924636716231154,0.142857142857143,0.142857142857143,0,0.142857142857143,1.42857142857143
"00-0037741",2025,16,0,0,0,0,0,0,0,0,0,0,NA,0,1.125,2.3125,16.375,0.0625,0,0,36,3.125,0.625,-1.04424488528959,0,0.419080027682706,0.0799428945945097,0.133743133510278,0.213534535348959,0,0,0,0.0625,0.3125
"00-0037742",2025,8,0.125,0,0,0,0,0,0,0,0,0,NA,0,1.25,2.75,16.25,0.125,0,0,37,4.25,0.875,-1.10178255322083,0,0.524290070516486,0.125454497987393,0.173609595164193,0.309708463596024,0,0,0,0.125,1.25
"00-0037801",2025,15,0,0,0,0,1.13333333333333,5.93333333333333,0,0.0666666666666667,0.0666666666666667,0.266666666666667,-0.288589164217806,0,1.73333333333333,2.53333333333333,26.4,0.133333333333333,0,0,22.6,14.2666666666667,1.06666666666667,1.11473348585981,0,0.977459265338187,0.069343128107065,0.075929112435454,0.157165070865415,0.0666666666666667,0.0666666666666667,0,0.0666666666666667,0.333333333333333
"00-0037816",2025,17,0,0,0,0,0,0,0,0,0,0,NA,0,3.70588235294118,5.64705882352941,49.8823529411765,0.411764705882353,0.0588235294117647,0,70.4705882352941,12.0588235294118,2.82352941176471,2.80141871136104,0.0588235294117647,0.893993191436783,0.194705906827741,0.278114083628927,0.486738718781859,0.0588235294117647,0.0588235294117647,0,0.0588235294117647,0.588235294117647
"00-0037837",2025,15,0,0,0,0,0,0,0,0,0,0,NA,0,2.26666666666667,4.06666666666667,25.3333333333333,0.2,0,0,47.4666666666667,8.73333333333333,1.06666666666667,-0.382145718963765,0,0.872651230083149,0.135087970320929,0.262175656422777,0.386154914977338,0,0,0,0.133333333333333,0.6
"00-0038090",2025,19,0,0,0,0,0.157894736842105,0.736842105263158,0,0,0,0.0526315789473684,0.178489032550714,0,0.263157894736842,0.421052631578947,4.57894736842105,0,0,0,6.26315789473684,1.52631578947368,0.263157894736842,-0.0536482961542782,0,0.605654761904763,0.0136854314647611,0.0216415368772162,0.035677223011193,0.105263157894737,0.105263157894737,0,0,0
"00-0038104",2025,12,0,0,0,0,0,0,0,0,0,0,NA,0,1.58333333333333,3.08333333333333,36.5,0.25,0,0,82.9166666666667,4.91666666666667,1.25,2.38619389207383,0,0.415461491121859,0.0902903892532406,0.274521068722528,0.327600331985631,0,0,0,0,0
"00-0038117",2025,16,0,0,0,0,0.1875,0.3125,0,0,0,0.0625,0.640682609247356,0,5.75,8.75,63.375,0.25,0.0625,0,74.1875,24.125,2.5,1.21640894438317,0,0.871533115228538,0.302657722144601,0.284523664461736,0.653153148340117,0,0,0,0.125,0.625
"00-0038124",2025,11,0,0,0,0,0.0909090909090909,0.272727272727273,0,0,0,0,-0.185090861283243,0,3.45454545454545,5.63636363636364,58.8181818181818,0.636363636363636,0.0909090909090909,0,97,13.2727272727273,2.72727272727273,3.35113263789087,0,0.717927038094097,0.201359720727883,0.333358044338356,0.535390212128674,0,0,0,0.0909090909090909,0.454545454545455
"00-0038359",2025,19,0,0,0,0,0,0,0,0,0,0,NA,0,0.947368421052632,1.26315789473684,15.9473684210526,0,0,0,21.3157894736842,5.63157894736842,0.578947368421053,2.19349399865605,0,0.667083055875509,0.0385599985245446,0.0645605507508041,0.10303238331238,0.0526315789473684,0.0526315789473684,0,0.157894736842105,1.05263157894737
"00-0038393",2025,13,0,0,0,0,0.0769230769230769,0.461538461538462,0,0,0,0,0.494140584021807,0,2.30769230769231,3.53846153846154,25.5384615384615,0.153846153846154,0,0,39.7692307692308,5.15384615384615,1.61538461538462,1.0890756413176,0,0.793640105992804,0.128135592671402,0.168810066850365,0.310370435802358,0,0,0,0,0
"00-0038465",2025,7,0,0,0,0,0,0,0,0,0,0,NA,0,0.857142857142857,1,12.2857142857143,0,0,0,9.28571428571429,4.14285714285714,0.571428571428571,1.38996510612445,0,1.69357142857143,0.0305118982458884,0.028121361185883,0.0654528001989506,0,0,0,0.285714285714286,1.42857142857143
"00-0038492",2025,3,0,0,0,0,0,0,0,0,0,0,NA,0,0,0.333333333333333,0,0,0,0,3,0,0,-0.713425388044558,0,0,0.0087719298245614,0.011070110701107,0.020906972227617,0,0,0,0,0
"00-0038496",2025,6,0,0,0,0,0,0,0,0,0,0,NA,0,0.333333333333333,0.333333333333333,1,0,0,0,-1.5,2.5,0,-0.306856659473851,0,0,0.012962962962963,-0.00794424709588045,0.0138834714773281,0,0,0,0,0
"00-0038519",2025,14,0,0,0,0,0.0714285714285714,0.785714285714286,0,0,0,0.0714285714285714,0.642709177685902,0,0.0714285714285714,0.0714285714285714,1.5,0,0,0,1.28571428571429,0.214285714285714,0.0714285714285714,2.17666199797532,0,1.16666666666667,0.00246305418719212,0.00416088765603329,0.00660720264001148,0.0714285714285714,0.0714285714285714,0,0.0714285714285714,0.928571428571429
"00-0038543",2025,20,0,0,0,0,0.35,1.8,0,0,0,0.1,0.00933157289400655,0,6.8,9.45,99.6,0.6,0.15,0.05,104.75,29.8,4.6,4.83494620000131,0,1.07652605870879,0.356584971236349,0.474022189997062,0.866692989852468,0,0,0,0.15,2
"00-0038544",2025,14,0,0,0,0,0.142857142857143,0.5,0,0,0,0,-0.185228997783268,0,3.85714285714286,6.42857142857143,53.9285714285714,0.571428571428571,0.0714285714285714,0.0714285714285714,74.5714285714286,16.3571428571429,1.92857142857143,1.61728509641893,0,0.801048154152391,0.199685848139411,0.277077848390736,0.493483266082632,0,0,0,0.0714285714285714,0.357142857142857
"00-0038559",2025,17,0,0,0,0,0,0,0,0,0,0,NA,0,4.58823529411765,7.41176470588235,59.1764705882353,0.411764705882353,0,0,88.3529411764706,16.0588235294118,3,1.5148341589628,0,0.66323132096689,0.192214920006307,0.312436212854631,0.507027729007701,0,0,0,0.0588235294117647,0.588235294117647
"00-0038563",2025,17,0,0,0,0,0.647058823529412,3,0,0,0,0.117647058823529,-0.0586918190674622,0,3.35294117647059,5.41176470588235,40.9411764705882,0.294117647058824,0,0,55,17.1176470588235,1.88235294117647,1.28346309426394,0,1.23756640212723,0.189590436572725,0.263959197304531,0.46915709297226,0,0,0,0.235294117647059,0.882352941176471
"00-0038573",2025,12,0,0,0,0,0.166666666666667,0.416666666666667,0,0,0,0,-0.310744032351067,0,0.166666666666667,0.25,0.833333333333333,0,0,0,2.75,0.666666666666667,0,-0.341940148345505,0,0.38888888888889,0.0081904572036151,0.0131689257205217,0.0215039338097879,0.0833333333333333,0.0833333333333333,0,0,0
"00-0038576",2025,14,0,0,0,0,0,0,0,0,0,0,NA,0,0,0.0714285714285714,0,0,0,0,3,0,0,-0.533708999399096,0,0,0.00210084033613446,0.00892857142857143,0.00940126050420171,0.0714285714285714,0.0714285714285714,0,0,0
"00-0038606",2025,17,0,0,0,0,0.529411764705882,0.117647058823529,0,0,0,0.117647058823529,-0.47496580943246,0,3.82352941176471,6.29411764705882,56.1176470588235,0.352941176470588,0,0,78.4117647058823,16.8235294117647,2.47058823529412,1.80924883104643,0,0.842077781383794,0.192991949406089,0.25718798531208,0.46951951382759,0.0588235294117647,0.0588235294117647,0,0,0
"00-0038608",2025,18,0,0,0,0,0,0,0,0,0,0,NA,0,2.33333333333333,3.66666666666667,39.9444444444444,0.388888888888889,0,0,61.8888888888889,5,1.83333333333333,1.80320125741612,0,0.752134070765787,0.135529887678416,0.231962615874335,0.365668662629658,0,0,0,0.166666666666667,1.66666666666667
"00-0038618",2025,18,0,0,0,0,0.166666666666667,1.22222222222222,0,0,0,0.111111111111111,0.599784747095934,0,2.27777777777778,4.11111111111111,27.3888888888889,0.166666666666667,0,0,41.1111111111111,9.11111111111111,1.22222222222222,-0.423423968450109,0,0.899364280256763,0.122588243533595,0.139650450405088,0.281637680583954,0,0,0,0.111111111111111,1.11111111111111
"00-0038619",2025,15,0,0,0,0,0.2,0.933333333333333,0,0,0,0,-0.049505543584625,0,2.2,3.86666666666667,29,0.133333333333333,0,0,40.4,6.86666666666667,1.6,0.778450504356074,0,0.805835698074653,0.102008191826788,0.131184783296133,0.244841636047476,0,0,0,0.0666666666666667,0.333333333333333
"00-0038621",2025,20,0,0,0,0,0.35,1.05,0,0,0,0.1,-0.161207164812367,0,1.95,2.9,26.55,0.2,0,0,26.55,13.65,1,1.63207874632234,0,1.36759459453699,0.0967010874332793,0.0934232628615227,0.210447915152985,0,0,0,0,0
"00-0038640",2025,5,0,0,0,0,0,0,0,0,0,0,NA,0,0.6,1.2,10.2,0,0,0,13.6,3.8,0.6,0.919112734205558,0,0.739285714285715,0.0294258373205742,0.0446022727272728,0.0753603468899522,0,0,0,0.2,2
"00-0038647",2025,2,0,0,0,0,0,0,0,0,0,0,NA,0,1,2,11.5,0.5,0,0,39,0.5,0.5,1.18801222270122,0,0.294871794871795,0.0588235294117645,0.138790035587188,0.185388319028679,0,0,0,0,0
"00-0038679",2025,12,0,0,0,0,0,0,0,0,0,0,NA,0,1.33333333333333,2.08333333333333,21.5833333333333,0.0833333333333333,0,0,26.6666666666667,5.66666666666667,1,1.22981450240001,0,0.869783229455534,0.0756852406852407,0.119443326576567,0.197138189631458,0,0,0,0.25,2.5
"00-0038728",2025,1,0,0,0,0,0,0,0,0,0,0,NA,0,2,2,20,0,0,0,17,3,1,0.594522395520471,0,1.17647058823529,0.0526315789473684,0.0502958579881657,0.114154469012769,0,0,0,0,0
"00-0038740",2025,2,0,0,0,0,0,0,0,0,0,0,NA,0,0,0,0,0,0,0,0,0,0,NA,0,NA,0,0,0,0.5,0.5,0,0.5,2
"00-0038752",2025,8,0,0,0,0,0,0,0,0,0,0,NA,0,0.5,0.625,6.625,0.125,0,0,4.5,2,0.375,1.09010333659535,0,2.00921474358974,0.0246841193373901,0.0189298552827034,0.0502770777039776,0,0,0,0.375,3.75
"00-0038824",2025,9,0,0,0,0,0,0,0,0,0,0,NA,0,0.222222222222222,0.444444444444444,3.77777777777778,0.111111111111111,0,0,7.77777777777778,0,0.111111111111111,-0.176232656056134,0,0.5,0.0128437633035334,0.0256117330703455,0.037193858104542,0,0,0,0.111111111111111,1.11111111111111
"00-0038839",2025,8,0,0,0,0,0,0,0,0,0,0,NA,0,1,3,14.5,0.25,0,0,44.25,2,0.75,0.328549590488802,0,0.43826198177127,0.0832375688276245,0.137702058217001,0.221247793993337,0,0,0,0.125,0.625
"00-0038840",2025,16,0,0,0,0,0,0,0,0,0,0,NA,0,0.875,1.1875,10,0,0.0625,0,10,3.625,0.4375,0.701229214249775,0,1.04223843659328,0.0361943036704084,0.0562494989729024,0.0936661047866443,0,0,0,0.0625,0.3125
"00-0038891",2025,3,0,0,0,0,0.333333333333333,1,0,0,0,0,-0.354833202669397,0,1.33333333333333,1.66666666666667,18.6666666666667,0.333333333333333,0,0,27,1.33333333333333,0.666666666666667,1.50096003901368,0,0.814814814814815,0.0604395604395604,0.140197553536478,0.188797628134876,0,0,0,0,0
"00-0038911",2025,1,0,0,0,0,1,1,0,0,0,0,-0.497539632488042,0,0,0,0,0,0,0,0,0,0,NA,0,NA,0,0,0,0,0,0,0,0
"00-0038938",2025,6,0,0,0,0,0,0,0,0,0,0,NA,0,0.833333333333333,2.33333333333333,5.83333333333333,0,0,0,46.6666666666667,0.333333333333333,0.333333333333333,-1.81681317911716,0,0.153734528382416,0.077540435299056,0.163770235917924,0.230949818091131,0,0,0,0,0
"00-0038953",2025,6,0,0,0,0,0,0,0,0,0,0,NA,0,1.16666666666667,1.83333333333333,7,0,0,0,14.1666666666667,2.33333333333333,0.333333333333333,-1.76569450463129,0,0.720024420024422,0.0708909370199693,0.0837498348810566,0.164961289946694,0,0,0,0.166666666666667,1.66666666666667
"00-0038976",2025,17,0,0,0,0,0.705882352941177,4.58823529411765,0.0588235294117647,0.0588235294117647,0,0.176470588235294,0.514469304785598,0,2.88235294117647,3.82352941176471,28.0588235294118,0.117647058823529,0,0,35.3529411764706,17.2941176470588,1.23529411764706,0.806491782969061,0,1.07273923289508,0.111997690922481,0.118120068006807,0.250680583988487,0.0588235294117647,0.0588235294117647,0,0,0
"00-0038979",2025,12,0,0,0,0,0,0,0,0,0,0,NA,0,1.75,3.25,22.5,0.166666666666667,0,0,38.5833333333333,5.16666666666667,1.08333333333333,0.543945590129136,0,0.736738599805011,0.105065517268008,0.166926241138645,0.274446644699064,0,0,0,0.166666666666667,1.33333333333333
"00-0038994",2025,14,0,0,0,0,0.142857142857143,5.78571428571429,0.0714285714285714,0,0,0.142857142857143,3.8954767708492,0,3,5.64285714285714,43.5714285714286,0.214285714285714,0,0,77.3571428571429,9.92857142857143,1.85714285714286,0.99924082006522,0,0.534500579780335,0.182225963833566,0.329814049574509,0.504208780452505,0,0,0,0,0
"00-0038997",2025,16,0,0,0,0,0.125,-0.125,0,0,0,0,-0.76081504940521,0,3.625,5.5,35.375,0.25,0,0,41.1875,9,2.25,0.541094385789558,0,0.913392254792541,0.174591074026471,0.167771777046699,0.379326854972396,0,0,0,0.0625,0.3125
"00-0039062",2025,5,0,0,0,0,0,0,0,0,0,0,NA,0,0.2,1,5,0,0,0,19.4,0.8,0.2,-0.839215560199228,0,0.238095238095238,0.0304708125926905,0.0629389872835256,0.0897635099875037,0,0,0,0,0
"00-0039064",2025,17,0,0,0,0,0.588235294117647,3.64705882352941,0.0588235294117647,0,0,0.235294117647059,0.312456943036523,0,5.05882352941176,6.94117647058824,71.2352941176471,0.294117647058824,0.176470588235294,0.176470588235294,70.8235294117647,26.9411764705882,2.82352941176471,2.72848250931778,0,1.23132942044867,0.298817253807138,0.360479070610192,0.700561230137842,0.0588235294117647,0.0588235294117647,0,0.176470588235294,1.76470588235294
"00-0039067",2025,8,0,0,0,0,0.625,2.5,0.125,0.125,0,0.25,0.620833595128108,0,6.625,9.75,71.375,0.625,0.125,0,42.25,51.75,3.5,2.00243100762915,0.125,2.33326906764407,0.290330973257386,0.136997704530872,0.531394853057689,0.125,0.125,0,0.25,3.125
"00-0039075",2025,19,0,0,0,0,0.842105263157895,6.78947368421053,0.105263157894737,0,0,0.368421052631579,1.27450352649321,0,8.05263157894737,10.9473684210526,107.736842105263,0.631578947368421,0.0526315789473684,0.0526315789473684,110.578947368421,40,5.10526315789474,6.82602251080305,0,1.09754062357582,0.311087255816495,0.345596128324558,0.708548173551933,0,0,0,0.0526315789473684,0.789473684210526
"00-0039146",2025,6,0,0,0,0,0.666666666666667,7,0,0,0,0.333333333333333,0.819194598123432,0,3.83333333333333,4.83333333333333,41.6666666666667,0.333333333333333,0,0,45.3333333333333,16.8333333333333,1.66666666666667,2.36572926749968,0,1.28593794015413,0.172843827288907,0.138450677386508,0.356181215103917,0,0,0,0.166666666666667,2.5
"00-0039337",2025,4,0,0,0,0,0,0,0,0,0,0,NA,0,4.5,8.75,67.75,0.5,0,0,138.75,13,2.75,0.57722213150733,0,0.534830657732913,0.270833333333333,0.438615061247935,0.713280542873555,0,0,0,0,0
"00-0039342",2025,16,0,0,0,0,0.0625,0,0,0,0,0,-0.530515918973833,0,2.25,4.25,23.1875,0.1875,0.0625,0,42.3125,4.9375,1.125,-0.45607364665374,0,0.45543897292639,0.140791218445427,0.192121048772357,0.34567156180879,0.0625,0.0625,0,0.4375,2.1875
"00-0039355",2025,9,0,0,0,0,0,0,0,0,0,0,NA,0,1.22222222222222,1.66666666666667,22.5555555555556,0.333333333333333,0,0,24.2222222222222,7.66666666666667,0.666666666666667,1.35018719584968,0.111111111111111,1.39327731092437,0.0677562204560802,0.0997842197532187,0.171483284511373,0,0,0,0.111111111111111,1.11111111111111
"00-0039379",2025,8,0,0,0,0,0,0,0,0,0,0,NA,0,1.25,1.875,13.375,0,0,0,12.75,4.875,0.625,0.293849895115271,0,1.19366161616162,0.0578065737566275,0.0765736723300363,0.140311431265967,0,0,0,0,0
"00-0039394",2025,5,0,0,0,0,0,0,0,0,0,0,NA,0,1.2,2.8,18.8,0,0,0,52.4,2.4,1.2,0.745775699650402,0,0.508593837535014,0.082329355232581,0.186066676004724,0.253740706052178,0,0,0,0,0
"00-0039410",2025,15,0,0,0,0,0.266666666666667,1.66666666666667,0,0,0,0.133333333333333,0.157614856259897,0,2.66666666666667,3.73333333333333,31.6666666666667,0.266666666666667,0,0,31.0666666666667,13.6,1.93333333333333,2.20267946695199,0,1.12302179323063,0.110574279517928,0.105303314580044,0.239573739482923,0,0,0,0.133333333333333,1.33333333333333
"00-0039424",2025,9,0,0,0,0,0,0,0,0,0,0,NA,0,2.77777777777778,4.33333333333333,32.5555555555556,0.222222222222222,0,0,48,3.77777777777778,2.11111111111111,1.86794946914598,0,0.867395437563816,0.133302911038432,0.179648506530503,0.325708321129,0,0,0,0.222222222222222,2.22222222222222
"00-0039451",2025,15,0,0,0,0,0.2,2.26666666666667,0,0,0,0.0666666666666667,0.528075985106019,0,1.73333333333333,2.4,12.8666666666667,0,0,0,8.13333333333333,7.93333333333333,0.666666666666667,0.131252705155615,0,0.985581473968898,0.0876617013073369,0.0495289487093206,0.16616281605753,0,0,0,0.0666666666666667,0.333333333333333
"00-0039491",2025,12,0,0,0,0,0,0,0,0,0,0,NA,0,3.5,4.58333333333333,44,0.333333333333333,0.0833333333333333,0.0833333333333333,48.1666666666667,13.1666666666667,2.25,2.28925174079149,0.0833333333333333,1.5442236240306,0.168184759122482,0.215876249665847,0.403390513449816,0,0,0,0.0833333333333333,0.833333333333333
"00-0039521",2025,7,0,0,0,0,0,0,0,0,0,0,NA,0,1,1.85714285714286,9.57142857142857,0,0,0,27.4285714285714,2.85714285714286,0.285714285714286,0.191324472058878,0,0.421789148351648,0.0464993785512098,0.0877671715566364,0.13118608791646,0,0,0,0,0
"00-0039589",2025,17,0,0,0,0,0.117647058823529,0.764705882352941,0,0,0,0.0588235294117647,0.030001140461536,0,0.235294117647059,0.411764705882353,3.76470588235294,0.0588235294117647,0,0,5.17647058823529,1.17647058823529,0.176470588235294,0.130454675322116,0,0.363636363636362,0.0148754790085903,0.019222560733814,0.0357690110265553,0.117647058823529,0.117647058823529,0,0,0
"00-0039623",2025,8,0,0,0,0,0.5,2.25,0,0.125,0,0.25,-0.34479679961805,0,1.375,2.125,9.5,0,0,0,18.625,4.625,0.5,-1.24345780529347,0,0.443256464011181,0.0542284358636592,0.0566691628327789,0.121011067778434,0,0,0,0,0
"00-0039650",2025,2,0,0,0,0,0,0,0,0,0,0,NA,0,0.5,0.5,4,0,0,0,3,1,0,0.517880074912682,0,1.33333333333333,0.02,0.0102040816326531,0.0371428571428572,0,0,0,0,0
"00-0039710",2025,1,0,0,0,0,0,0,0,0,0,0,NA,0,0,0,0,0,0,0,0,0,0,NA,0,NA,0,0,0,0,0,0,0,0
"00-0039739",2025,9,0,0,0,0,0,0,0,0,0,0,NA,0,1.33333333333333,2.33333333333333,18.4444444444444,0.222222222222222,0.111111111111111,0.111111111111111,30.7777777777778,7.33333333333333,0.777777777777778,0.452125017186401,0,0.613929146537843,0.0768149909765594,0.154831659675815,0.22360464823791,0,0,0,0,0
"00-0039751",2025,17,0,0,0,0,0.235294117647059,0.705882352941177,0,0,0,0,-0.079112245157982,0,1.17647058823529,1.58823529411765,12.1176470588235,0,0,0,10.5294117647059,6.76470588235294,0.529411764705882,0.433659242803538,0,1.89301708144073,0.0476706654580342,0.0350503404171403,0.0960412364790496,0.0588235294117647,0.0588235294117647,0,0.0588235294117647,0.588235294117647
"00-0039792",2025,8,0,0,0,0,0,0,0,0,0,0,NA,0,0.75,1,17,0.375,0,0,24.5,2.875,0.625,3.58751507151173,0,0.9805,0.0426820728291316,0.087616678735834,0.125354784358781,0,0,0,0.25,1.875
"00-0039816",2025,11,0,0,0,0,0,0,0,0,0,0,NA,0,0.181818181818182,0.181818181818182,0.545454545454545,0,0,0,-0.181818181818182,0.727272727272727,0,-0.494914762763074,0,0.5,0.00536616161616162,-0.00114269892816248,0.00724935317452868,0,0,0,0,0
"00-0039849",2025,12,0,0,0,0,0,0,0,0,0,0,NA,0,3.41666666666667,6.08333333333333,50.6666666666667,0.333333333333333,0,0,78.8333333333333,9.91666666666667,2.5,2.59289645628796,0.0833333333333333,0.670187722506371,0.180545849891692,0.330443151235495,0.502128980702384,0,0,0,0,0
"00-0039855",2025,4,0,0,0,0,0.25,0.25,0,0,0,0,-0.462281365238596,0,3,3.75,44.5,0,0,0,44.75,14.75,2,3.12244531915516,0,1.23138528138528,0.108125,0.142409123244698,0.261873886271288,0,0,0,0,0
"00-0039868",2025,17,0,0,0,0,0.294117647058824,0.705882352941177,0,0,0,0.117647058823529,-0.430324565561022,0,3.82352941176471,6.11764705882353,41.7058823529412,0.352941176470588,0.0588235294117647,0.0588235294117647,77.7058823529412,16.5882352941176,1.88235294117647,0.575795810819479,0.176470588235294,0.753899377663704,0.182235184972856,0.280008170914956,0.469358497099754,0,0,0,0.176470588235294,1.47058823529412
"00-0039880",2025,17,0,0,0,0,1,6.47058823529412,0.0588235294117647,0.0588235294117647,0.0588235294117647,0.294117647058824,0.0116994484909812,0,2.70588235294118,3.82352941176471,18.6470588235294,0.176470588235294,0,0,19.8235294117647,14.8823529411765,0.941176470588235,-0.577991604900627,0,1.97927394788986,0.144192460627687,0.105239698129951,0.289956479632496,0,0,0,0.117647058823529,0.588235294117647
"00-0039884",2025,2,0,0,0,0,0,0,0,0,0,0,NA,0,1.5,2.5,18.5,0,0.5,0.5,62,4,0.5,-2.66327478009043,0,0.289390756302521,0.0895270270270271,0.315821033210332,0.355365263787773,0,0,0,0,0
"00-0039890",2025,16,0,0,0,0,0.0625,-0.25,0,0,0,0,-1.11264033283805,0,2.0625,4.625,28.3125,0.125,0.0625,0.0625,68.875,5,1,-1.00688103020999,0,0.497533951736087,0.153449550677389,0.302893290333491,0.442199629249527,0,0,0,0.0625,0.625
"00-0039893",2025,15,0,0,0,0,0.2,1.4,0.0666666666666667,0,0,0.133333333333333,0.954227222013288,0,3.33333333333333,6.2,48.5333333333333,0.2,0,0,89,10.6666666666667,2.33333333333333,1.36452095799262,0,0.609070304494742,0.184683047894683,0.299537142158229,0.486700571352785,0,0,0,0.133333333333333,1.6
"00-0039894",2025,14,0,0,0,0,0.785714285714286,6.21428571428571,0,0,0,0.285714285714286,0.398310082738236,0,3,5.21428571428571,38,0.0714285714285714,0,0,67.4285714285714,13.7857142857143,1.57142857142857,1.05914374061455,0,0.577137198238066,0.160569593974692,0.267593754807998,0.428170019327637,0.0714285714285714,0.0714285714285714,0,0.0714285714285714,0.714285714285714
"00-0039901",2025,14,0,0,0,0,0,0,0,0,0,0,NA,0,2.85714285714286,4.5,32.1428571428571,0.357142857142857,0.0714285714285714,0.0714285714285714,52,8.07142857142857,2,1.14594306345645,0.0714285714285714,0.926669541289012,0.150532294942233,0.210112507652181,0.372877197769876,0,0,0,0.0714285714285714,0.714285714285714
"00-0039915",2025,17,0,0,0,0,0,0,0,0,0,0,NA,0,4.05882352941176,6.47058823529412,48.2941176470588,0.352941176470588,0,0,64.3529411764706,18.8235294117647,2.17647058823529,0.492488169853171,0,0.84105246753551,0.206280814971293,0.257125088734233,0.489408784570903,0,0,0,0.176470588235294,1.76470588235294
"00-0039916",2025,10,0,0,0,0,0.2,-0.2,0,0,0,0,-0.836072239239002,0,3.6,5.5,52.8,0,0,0,76.1,7.4,2.8,2.42645995542315,0,0.5424177282776,0.169031900823595,0.291349064483116,0.457492196373575,0,0,0,0.1,0.5
"00-0039919",2025,14,0,0,0,0,0,0,0,0,0,0,NA,0,3.42857142857143,7.28571428571429,53.5,0.428571428571429,0,0,104.928571428571,15.8571428571429,2.92857142857143,1.83699185841909,0,0.471879721603058,0.222105730598086,0.33606235007321,0.568402240948376,0.0714285714285714,0.0714285714285714,0,0.214285714285714,1.07142857142857
"00-0039920",2025,12,0,0,0,0,1.08333333333333,10.5833333333333,0,0,0,0.5,0.914589950967639,0,0.916666666666667,1.16666666666667,6.58333333333333,0,0,0,-0.583333333333333,5.66666666666667,0.416666666666667,-0.402976920726361,0,4,0.0497532696198837,-0.00660179774807306,0.0700086460061744,0,0,0,0,0
"00-0040009",2025,12,0,0,0,0,0.916666666666667,3.08333333333333,0,0.0833333333333333,0.0833333333333333,0.0833333333333333,-0.874152515651076,0,0.833333333333333,0.833333333333333,6.5,0.0833333333333333,0,0,1.41666666666667,5.08333333333333,0.25,0.770834160706727,0,0.833333333333333,0.0262590187590188,0.00368758933391364,0.0419698406722677,0,0,0,0,0
"00-0040024",2025,7,0,0,0,0,0,0,0,0,0,0,NA,0,1.42857142857143,1.71428571428571,14.4285714285714,0,0,0,16.8571428571429,3.14285714285714,1,0.960722351500104,0,2.08141654097536,0.0592725128328844,0.0621459269560672,0.132410918118574,0,0,0,0.428571428571429,4.14285714285714
"00-0040075",2025,14,0,0,0,0,0,0,0,0,0,0,NA,0,0,0,0,0,0,0,0,0,0,NA,0,NA,0,0,0,0,0,0,0,0
"00-0040124",2025,18,0,0,0,0,0,0,0,0,0,0,NA,0,4.16666666666667,7.16666666666667,60.8333333333333,0.388888888888889,0,0,83.7777777777778,16.0555555555556,3.33333333333333,1.63120034574521,0,0.706123997405501,0.253612835782837,0.448842103962729,0.694608726448165,0,0,0,0.0555555555555556,0.555555555555556
"00-0040129",2025,17,0,0,0,0,0.117647058823529,0.529411764705882,0,0,0,0,-0.560547851515935,0,3.70588235294118,7.47058823529412,55.1764705882353,0.352941176470588,0,0,92.4705882352941,19.7058823529412,2,0.420184881011171,0.0588235294117647,0.604800837499474,0.235645536663357,0.353468064158266,0.600895949905822,0,0,0,0.176470588235294,1.17647058823529
"00-0040130",2025,19,0,0,0,0,0,0,0,0,0,0,NA,0,2.63157894736842,4.31578947368421,32.7894736842105,0.315789473684211,0,0,54.0526315789474,6.89473684210526,1.73684210526316,1.07105071735467,0,1.04191983634917,0.129041564694514,0.184461403092637,0.322685329206616,0,0,0,0.157894736842105,1.31578947368421
"00-0040131",2025,17,0,0,0,0,0.117647058823529,0.176470588235294,0,0,0,0,-0.312192020937801,0,0.705882352941177,1.58823529411765,13.1176470588235,0.176470588235294,0,0,30,4.64705882352941,0.470588235294118,0.324560960350334,0,0.748729513523146,0.0533444687738953,0.0976295221976149,0.148357368699174,0,0,0,0,0
"00-0040134",2025,15,0,0,0,0,0.0666666666666667,0.0666666666666667,0,0,0,0,-0.37181326810969,0,2.33333333333333,3.53333333333333,27.4666666666667,0.0666666666666667,0,0,28.7333333333333,10.6666666666667,1.66666666666667,1.1292745999586,0,1.08661692270995,0.102210746791839,0.145021684935487,0.254831299642599,0,0,0,0.333333333333333,2.8
"00-0040138",2025,19,0,0,0,0,0.315789473684211,0.631578947368421,0,0,0,0.0526315789473684,-0.508352235522276,0,1.36842105263158,1.94736842105263,15.3684210526316,0.105263157894737,0,0,19.6315789473684,5.21052631578947,0.684210526315789,0.900715414350005,0,0.814892144892145,0.056847546273395,0.05799402493728,0.125867136866189,0,0,0,0,0
"00-0040154",2025,12,0,0,0,0,0,0,0,0,0,0,NA,0,0.25,0.25,2.08333333333333,0,0,0,0.916666666666667,1.16666666666667,0.166666666666667,0.460661082838973,0,0.761904761904763,0.0107185990338164,0.00601351226069624,0.020287357133212,0,0,0,0.166666666666667,1.33333333333333
"00-0040164",2025,15,0,0,0,0,0.0666666666666667,0.466666666666667,0,0,0,0,0.261028992012143,0,1.06666666666667,2.13333333333333,15,0,0,0,28.4666666666667,2.6,0.666666666666667,-0.434745218128244,0,0.45977353357369,0.0825557534387393,0.116164393449211,0.205148705572557,0.0666666666666667,0.0666666666666667,0,0,0
"00-0040170",2025,16,0,0,0,0,0,0,0,0,0,0,NA,0,2.5625,5.5625,32.1875,0.25,0,0,70.375,7.1875,1.875,-0.599731468528502,0,0.541800902439367,0.184752610501279,0.325109739287577,0.504705733253222,0,0,0,0.125,1.25
"00-0040172",2025,2,0,0,0,0,0,0,0,0,0,0,NA,0,1,1.5,13,0,0,0,21.5,0.5,0.5,0.49611985668889,0,0.645833333333333,0.0539971949509117,0.0969925548589342,0.148890580827622,0,0,0,0,0
"00-0040184",2025,10,0,0,0,0,0,0,0,0,0,0,NA,0,0.5,1.2,5.1,0.1,0,0,21.1,2.1,0.3,-0.702269544101043,0,0.54921968787515,0.0355770465427911,0.0670526201520364,0.100302403920612,0,0,0,0.3,1.5
"00-0040218",2025,11,0,0,0,0,0.727272727272727,6.27272727272727,0,0,0,0.272727272727273,0.72418551458395,0,1,1.54545454545455,9.81818181818182,0,0,0,11.4545454545455,6.45454545454545,0.363636363636364,0.132083075633375,0,1.07623602484472,0.0626608430734805,0.0334311404395636,0.117393062917915,0,0,0,0,0
"00-0040237",2025,15,0,0,0,0,0.466666666666667,1.46666666666667,0,0,0,0,-0.313319152555779,0,1.86666666666667,2.93333333333333,21.4666666666667,0.333333333333333,0,0,34.4,7.33333333333333,1.06666666666667,1.08949294568334,0,0.571575351213283,0.0916264337985988,0.137715336069694,0.233840385946684,0,0,0,0.0666666666666667,0.666666666666667
"00-0040241",2025,2,0,0,0,0,0,0,0,0,0,0,NA,0,0,0,0,0,0,0,0,0,0,NA,0,NA,0,0,0,0,0,0,0,0
"00-0040259",2025,13,0,0,0,0,0.0769230769230769,0.230769230769231,0,0,0,0,-0.811425938503817,0,0.538461538461538,1.07692307692308,5.46153846153846,0,0,0,9.61538461538461,2.15384615384615,0.230769230769231,-0.796919089526132,0,0.525529100529101,0.0344527083205063,0.0433370267131281,0.0820149811799491,0.230769230769231,0.230769230769231,0,0.0769230769230769,0.384615384615385
"00-0040277",2025,6,0,0,0,0,0,0,0,0,0,0,NA,0,1,1.66666666666667,14.5,0.333333333333333,0,0,21.6666666666667,1.33333333333333,0.666666666666667,2.28451344011895,0,0.670820314437336,0.0515767757147068,0.073735435941921,0.128979968731405,0,0,0,0.166666666666667,1.66666666666667
"00-0040311",2025,3,0,0,0,0,0,0,0,0,0,0,NA,0,2,3.33333333333333,46.3333333333333,0.333333333333333,0,0,45.6666666666667,21,2,0.712386087650277,0,1.43572207354545,0.130572971090213,0.231427887246853,0.357858977708116,0,0,0,0.333333333333333,3.33333333333333
"00-0040317",2025,1,0,0,0,0,0,0,0,0,0,0,NA,0,1,1,25,0,0,0,3,22,1,1.56264380965149,0,8.33333333333333,0.0344827586206897,0.0135746606334842,0.0612264003744734,0,0,0,0,0
"00-0040352",2025,2,0,0,0,0,0,0,0,0,0,0,NA,0,0,0.5,0,0,0,0,1,0,0,-3.25976615422405,0,0,0.0138888888888889,0.0029673590504451,0.0229104846686449,0,0,0,0,0
"00-0040388",2025,1,0,0,0,0,0,0,0,0,0,0,NA,0,2,2,15,0,0,0,15,0,0,-0.0504541203845292,0,1,0.2,0.555555555555556,0.688888888888889,0,0,0,0,0
"00-0040406",2025,1,0,0,0,0,0,0,0,0,0,0,NA,0,1,1,10,0,0,0,4,6,1,2.31228549014498,1,2.5,0.0454545454545455,0.0547945205479452,0.10653798256538,0,0,0,0,0
"00-0040431",2025,3,0,0,0,0,0,0,0,0,0,0,NA,0,0,0,0,0,0,0,0,0,0,NA,0,NA,0,0,0,0,0,0,0,0
"00-0040432",2025,4,0,0,0,0,0,0,0,0,0,0,NA,0,0.5,1.5,6.25,0,0,0,18.25,1.5,0.25,-1.91485180882349,0,0.439393939393939,0.0495337995337995,0.061121770652197,0.117085938757237,0,0,0,0.25,2.5
"00-0040506",2025,16,0,0,0,0,0,0,0,0,0,0,NA,0,0,0,0,0,0,0,0,0,0,NA,0,NA,0,0,0,0,0,0,0,0
"00-0040522",2025,2,0,0,0,0,0,0,0,0,0,0,NA,0,1.5,3.5,20.5,0,0,0,38.5,4.5,1.5,1.52261183665542,0,1.02450980392157,0.0932330827067668,0.192504135649297,0.274602519014658,0,0,0,0,0
"00-0040534",2025,11,0,0,0,0,0.181818181818182,0.909090909090909,0,0,0,0,-0.278929264255565,0,0.0909090909090909,0.0909090909090909,0.454545454545455,0,0,0,0.454545454545455,0,0,0.00769849866628647,0,1,0.00275482093663912,0.00169606512890095,0.00531947699518935,0,0,0,0,0
"00-0040563",2025,10,0,0,0,0,0,0,0,0,0,0,NA,0,0.4,0.4,9.5,0.1,0,0,5.1,4.4,0.4,2.98160975488524,0,1.8640350877193,0.0167037037037037,0.0207034592307333,0.0395479770170689,0,0,0,0,0
"00-0040581",2025,11,0,0,0,0,0,0,0,0,0,0,NA,0,0.909090909090909,2.72727272727273,12.2727272727273,0,0,0,45.1818181818182,3.45454545454545,0.636363636363636,-1.09439342855696,0,0.214471982531026,0.0994778626192629,0.248671252298286,0.323286670537695,0,0,0,0.0909090909090909,0.909090909090909
"00-0040582",2025,13,0,0,0,0,0.307692307692308,1,0,0,0,0.0769230769230769,0.0247200758894892,0,0.538461538461538,1.23076923076923,4,0,0,0,16.6153846153846,2.53846153846154,0.307692307692308,-0.632942067383556,0,0.695887445887446,0.0447528159696091,0.0908907616145415,0.130752757084593,0,0,0,0,0
"00-0040590",2025,13,0,0,0,0,0,0,0,0,0,0,NA,0,1,2.23076923076923,8.76923076923077,0.0769230769230769,0,0,28.3846153846154,2.92307692307692,0.615384615384615,-0.981311258328845,0,0.630576279657162,0.0595125119879478,0.068706813877612,0.13736353769625,0,0,0,0,0
"00-0040629",2025,1,0,0,0,0,0,0,0,0,0,0,NA,0,0,0,0,0,0,0,0,0,0,NA,0,NA,0,0,0,0,0,0,0,0
"00-0040646",2025,2,0,0,0,0,0,0,0,0,0,0,NA,0,1,1.5,2,0,0,0,11,2,0,-1.62522926169913,0,0.181818181818182,0.05,0.0493273542600897,0.109529147982063,0,0,0,0,0
"00-0040648",2025,8,0,0,0,0,0,0,0,0,0,0,NA,0,1.625,2.75,20.125,0.625,0,0,42.125,4.125,0.875,1.46368223091255,0,0.570915040354461,0.1057619168357,0.168879160099027,0.276858287322869,0,0,0,0.125,0.625
"00-0040667",2025,15,0,0,0,0,0.666666666666667,3.26666666666667,0,0,0,0.2,0.335932068189141,0,2.2,3.26666666666667,29.6666666666667,0.0666666666666667,0,0,41.5333333333333,9.53333333333333,1.33333333333333,1.63708451925445,0,0.886793082802727,0.1244052149506,0.191250425783218,0.320483120474153,0,0,0,0,0
"00-0040669",2025,14,0,0,0,0,0,0,0,0,0,0,NA,0,1.14285714285714,1.92857142857143,17.0714285714286,0.428571428571429,0,0,25.1428571428571,3.92857142857143,1,1.27365235291216,0,0.610406030024302,0.0572126799941734,0.119623931639664,0.169555772139025,0,0,0,0.142857142857143,1.42857142857143
"00-0040705",2025,17,0,0,0,0,0.647058823529412,1.05882352941176,0,0,0,0,-0.47051750094397,0,2.82352941176471,4.35294117647059,24.8823529411765,0.235294117647059,0,0,35.2352941176471,12.9411764705882,1.17647058823529,0.0978895761922491,0,1.90513337729379,0.138979434006164,0.149056104820067,0.312808424383293,0,0,0,0.0588235294117647,0.588235294117647
"00-0040718",2025,7,0,0,0,0,0.142857142857143,0,0,0,0,0,-0.661191540188156,0,4,6.42857142857143,42.5714285714286,0.142857142857143,0.142857142857143,0,50.5714285714286,20,1.71428571428571,-0.329584302149161,0,0.874867185946635,0.175148683583769,0.177049426598227,0.386657623994413,0,0,0,0.428571428571429,5
"00-0040727",2025,17,0,0,0,0,0.117647058823529,0.588235294117647,0,0,0,0,-0.00598559973877852,0,1.88235294117647,2.70588235294118,20.2352941176471,0.0588235294117647,0,0,25.4705882352941,8.76470588235294,1.17647058823529,0.960591980912388,0,0.730760142563548,0.0913633022591568,0.0927418371989611,0.201964239428008,0,0,0,0,0
"00-0040729",2025,14,0,0,0,0,0,0,0,0,0,0,NA,0,1.42857142857143,2.07142857142857,16,0,0,0,17.1428571428571,4.85714285714286,0.785714285714286,-0.169213426375743,0,1.7052601015367,0.0797808118213671,0.107803225435928,0.1951334755372,0,0,0,0.214285714285714,1.78571428571429
"00-0040735",2025,17,0,0,0,0,0.470588235294118,1.94117647058824,0,0,0,0.176470588235294,0.0609127347488543,0,3.11764705882353,4.35294117647059,42.2352941176471,0.117647058823529,0,0,35.4705882352941,21.9411764705882,1.76470588235294,1.53117139004205,0,1.11988275406309,0.133904467537828,0.11262961784687,0.279697433799551,0,0,0,0,0
"00-0040782",2025,15,0,0,0,0,0.333333333333333,1.93333333333333,0,0,0,0.0666666666666667,0.175834343652241,0,1.2,2.93333333333333,22.5333333333333,0,0,0,50.0666666666667,5.26666666666667,0.733333333333333,-0.0574646815696471,0,0.380893539788668,0.0927408085221625,0.214052023380827,0.288947629149823,0,0,0,0,0
